ds,population,title,daily_high_temperature,daily_low_temperature,daily_precipitation,lockdown_percentage,gender_Male,gender_Male and Female,political_affiliation_purple,political_affiliation_red,lockdown_probability
2024-07-05 10:29:12,765.0552123045775,FPC ALDERSON,84.5,62.6,5.26,0.0,0,0,0,1,0.005
2024-07-06 10:29:12,765.1887198990839,FPC ALDERSON,60.0,60.0,0.0,0.0,0,0,0,1,0.002
2024-07-07 10:29:12,767.2022383323405,FPC ALDERSON,60.0,60.0,0.0,0.0,0,0,0,1,0.002
2024-07-08 10:29:12,767.7824788359777,FPC ALDERSON,60.0,60.0,0.0,0.0,0,0,0,1,0.002
2024-07-09 10:29:12,768.4447129708484,FPC ALDERSON,60.0,60.0,0.0,0.0,0,0,0,1,0.002
2024-07-10 10:29:12,768.3030361218925,FPC ALDERSON,60.0,60.0,0.0,0.0,0,0,0,1,0.002
2024-07-11 10:29:12,768.5835434260409,FPC ALDERSON,60.0,60.0,0.0,0.0,0,0,0,1,0.002
2024-07-05 10:29:31,1632.4018599575584,FCI ALICEVILLE,97.2,74.8,33.9,2.0,0,0,0,1,0.066
2024-07-06 10:29:31,1631.500559612837,FCI ALICEVILLE,60.0,60.0,0.0,2.0,0,0,0,1,0.012
2024-07-07 10:29:31,1628.617369216634,FCI ALICEVILLE,60.0,60.0,0.0,2.0,0,0,0,1,0.012
2024-07-08 10:29:31,1629.7025086432093,FCI ALICEVILLE,60.0,60.0,0.0,2.0,0,0,0,1,0.012
2024-07-09 10:29:31,1628.3640559044666,FCI ALICEVILLE,60.0,60.0,0.0,2.0,0,0,0,1,0.012
2024-07-10 10:29:31,1629.3987673855634,FCI ALICEVILLE,60.0,60.0,0.0,2.0,0,0,0,1,0.012
2024-07-11 10:29:31,1627.2148470251243,FCI ALICEVILLE,60.0,60.0,0.0,2.0,0,0,0,1,0.012
2024-07-05 10:29:48,1026.053952338251,FCI ALLENWOOD LOW,84.0,66.6,9.48,5.333333333333334,1,0,1,0,0.032
2024-07-06 10:29:48,1025.4157587721302,FCI ALLENWOOD LOW,60.0,60.0,0.0,5.333333333333334,1,0,1,0,0.08
2024-07-07 10:29:48,1026.4149207099085,FCI ALLENWOOD LOW,60.0,60.0,0.0,5.333333333333334,1,0,1,0,0.08
2024-07-08 10:29:48,1027.227942495018,FCI ALLENWOOD LOW,60.0,60.0,0.0,5.333333333333334,1,0,1,0,0.08
2024-07-09 10:29:48,1027.07626612804,FCI ALLENWOOD LOW,60.0,60.0,0.0,5.333333333333334,1,0,1,0,0.08
2024-07-10 10:29:48,1028.5843890352232,FCI ALLENWOOD LOW,60.0,60.0,0.0,5.333333333333334,1,0,1,0,0.131
2024-07-11 10:29:48,1027.9535375501891,FCI ALLENWOOD LOW,60.0,60.0,0.0,5.333333333333334,1,0,1,0,0.082
2024-07-05 10:30:03,1259.7877367970236,FCI ALLENWOOD MEDIUM,84.0,66.6,9.48,27.333333333333332,1,0,1,0,0.32
2024-07-06 10:30:03,1256.1097153695707,FCI ALLENWOOD MEDIUM,60.0,60.0,0.0,27.333333333333332,1,0,1,0,0.316
2024-07-07 10:30:03,1256.5968142505205,FCI ALLENWOOD MEDIUM,60.0,60.0,0.0,27.333333333333332,1,0,1,0,0.316
2024-07-08 10:30:03,1257.6679789291697,FCI ALLENWOOD MEDIUM,60.0,60.0,0.0,27.333333333333332,1,0,1,0,0.317
2024-07-09 10:30:03,1255.9165814407513,FCI ALLENWOOD MEDIUM,60.0,60.0,0.0,27.333333333333332,1,0,1,0,0.316
2024-07-10 10:30:03,1255.993662235955,FCI ALLENWOOD MEDIUM,60.0,60.0,0.0,27.333333333333332,1,0,1,0,0.316
2024-07-11 10:30:03,1254.0467776738578,FCI ALLENWOOD MEDIUM,60.0,60.0,0.0,27.333333333333332,1,0,1,0,0.315
2024-07-05 10:30:19,160.0121096096911,USP ALLENWOOD,84.0,66.6,9.48,0.0,1,0,1,0,0.004
2024-07-06 10:30:19,160.77246189041657,USP ALLENWOOD,60.0,60.0,0.0,0.0,1,0,1,0,0.004
2024-07-07 10:30:19,159.90206871642621,USP ALLENWOOD,60.0,60.0,0.0,0.0,1,0,1,0,0.004
2024-07-08 10:30:19,160.0405362769922,USP ALLENWOOD,60.0,60.0,0.0,0.0,1,0,1,0,0.004
2024-07-09 10:30:19,161.1865657247896,USP ALLENWOOD,60.0,60.0,0.0,0.0,1,0,1,0,0.004
2024-07-10 10:30:19,160.56723234339557,USP ALLENWOOD,60.0,60.0,0.0,0.0,1,0,1,0,0.004
2024-07-11 10:30:19,159.76974224549264,USP ALLENWOOD,60.0,60.0,0.0,0.0,1,0,1,0,0.004
2024-07-05 10:30:35,1366.7302372220167,FCI ASHLAND,88.0,70.2,10.81,0.0,1,0,0,1,0.012
2024-07-06 10:30:35,1369.1215684163717,FCI ASHLAND,60.0,60.0,0.0,0.0,1,0,0,1,0.005
2024-07-07 10:30:35,1366.7648786677662,FCI ASHLAND,60.0,60.0,0.0,0.0,1,0,0,1,0.005
2024-07-08 10:30:35,1370.2445049753862,FCI ASHLAND,60.0,60.0,0.0,0.0,1,0,0,1,0.005
2024-07-09 10:30:35,1368.81902488946,FCI ASHLAND,60.0,60.0,0.0,0.0,1,0,0,1,0.005
2024-07-10 10:30:35,1368.99237031785,FCI ASHLAND,60.0,60.0,0.0,0.0,1,0,0,1,0.005
2024-07-11 10:30:35,1370.187890636387,FCI ASHLAND,60.0,60.0,0.0,0.0,1,0,0,1,0.005
2024-07-05 10:30:50,1693.6247228686966,FCI ATLANTA,96.4,77.3,3.35,4.545454545454546,1,0,1,0,0.037
2024-07-06 10:30:50,1709.9149998261414,FCI ATLANTA,60.0,60.0,0.0,4.545454545454546,1,0,1,0,0.048
2024-07-07 10:30:50,1749.1974501492393,FCI ATLANTA,60.0,60.0,0.0,4.545454545454546,1,0,1,0,0.042
2024-07-08 10:30:50,1679.8839314186678,FCI ATLANTA,60.0,60.0,0.0,4.545454545454546,1,0,1,0,0.047
2024-07-09 10:30:50,1716.0262202820868,FCI ATLANTA,60.0,60.0,0.0,4.545454545454546,1,0,1,0,0.041
2024-07-10 10:30:50,1675.1623864762034,FCI ATLANTA,60.0,60.0,0.0,4.545454545454546,1,0,1,0,0.04
2024-07-11 10:30:50,1725.1782248604407,FCI ATLANTA,60.0,60.0,0.0,4.545454545454546,1,0,1,0,0.042
2024-07-05 10:31:06,1197.9586232561305,USP ATWATER,115.8,70.9,0.0,23.333333333333332,1,0,0,0,0.164
2024-07-06 10:31:06,1201.0852964698697,USP ATWATER,60.0,60.0,0.0,23.333333333333332,1,0,0,0,0.36
2024-07-07 10:31:06,1200.0720556380543,USP ATWATER,60.0,60.0,0.0,23.333333333333332,1,0,0,0,0.362
2024-07-08 10:31:06,1200.5490041732799,USP ATWATER,60.0,60.0,0.0,23.333333333333332,1,0,0,0,0.362
2024-07-09 10:31:06,1201.5544286790819,USP ATWATER,60.0,60.0,0.0,23.333333333333332,1,0,0,0,0.36
2024-07-10 10:31:06,1202.1146466563382,USP ATWATER,60.0,60.0,0.0,23.333333333333332,1,0,0,0,0.36
2024-07-11 10:31:06,1203.0822114881987,USP ATWATER,60.0,60.0,0.0,23.333333333333332,1,0,0,0,0.36
2024-07-05 10:31:22,1092.5352394716024,FCI BASTROP,102.8,73.4,7.18,42.0,1,0,1,0,0.136
2024-07-06 10:31:22,1091.8183476044092,FCI BASTROP,60.0,60.0,0.0,42.0,1,0,1,0,0.455
2024-07-07 10:31:22,1095.6627684455577,FCI BASTROP,60.0,60.0,0.0,42.0,1,0,1,0,0.454
2024-07-08 10:31:22,1092.728761922712,FCI BASTROP,60.0,60.0,0.0,42.0,1,0,1,0,0.455
2024-07-09 10:31:22,1094.0928136539494,FCI BASTROP,60.0,60.0,0.0,42.0,1,0,1,0,0.454
2024-07-10 10:31:22,1091.6345939015496,FCI BASTROP,60.0,60.0,0.0,42.0,1,0,1,0,0.456
2024-07-11 10:31:22,1093.6968419792188,FCI BASTROP,60.0,60.0,0.0,42.0,1,0,1,0,0.454
2024-07-05 10:31:39,2084.752759463221,FCI BEAUMONT LOW,95.7,76.9,12.9,12.751677852348994,1,0,1,0,0.167
2024-07-06 10:31:39,2084.6165078672707,FCI BEAUMONT LOW,60.0,60.0,0.0,12.751677852348994,1,0,1,0,0.201
2024-07-07 10:31:39,2085.564644898484,FCI BEAUMONT LOW,60.0,60.0,0.0,12.751677852348994,1,0,1,0,0.203
2024-07-08 10:31:39,2085.834316894698,FCI BEAUMONT LOW,60.0,60.0,0.0,12.751677852348994,1,0,1,0,0.203
2024-07-09 10:31:39,2086.933178735299,FCI BEAUMONT LOW,60.0,60.0,0.0,12.751677852348994,1,0,1,0,0.203
2024-07-10 10:31:39,2086.2279080683647,FCI BEAUMONT LOW,60.0,60.0,0.0,12.751677852348994,1,0,1,0,0.203
2024-07-11 10:31:39,2087.276010080827,FCI BEAUMONT LOW,60.0,60.0,0.0,12.751677852348994,1,0,1,0,0.202
2024-07-05 10:31:55,1633.255405772174,FCI BEAUMONT MEDIUM,95.7,76.9,12.9,14.666666666666666,1,0,1,0,0.036
2024-07-06 10:31:55,1634.6491810119273,FCI BEAUMONT MEDIUM,60.0,60.0,0.0,14.666666666666666,1,0,1,0,0.095
2024-07-07 10:31:55,1628.7787486404104,FCI BEAUMONT MEDIUM,60.0,60.0,0.0,14.666666666666666,1,0,1,0,0.098
2024-07-08 10:31:55,1632.2435463284874,FCI BEAUMONT MEDIUM,60.0,60.0,0.0,14.666666666666666,1,0,1,0,0.097
2024-07-09 10:31:55,1631.7883927398163,FCI BEAUMONT MEDIUM,60.0,60.0,0.0,14.666666666666666,1,0,1,0,0.097
2024-07-10 10:31:55,1630.044732096659,FCI BEAUMONT MEDIUM,60.0,60.0,0.0,14.666666666666666,1,0,1,0,0.097
2024-07-11 10:31:55,1627.6091070338937,FCI BEAUMONT MEDIUM,60.0,60.0,0.0,14.666666666666666,1,0,1,0,0.097
2024-07-05 10:32:15,1285.662142489258,USP BEAUMONT,95.7,76.9,12.9,12.666666666666668,1,0,1,0,0.062
2024-07-06 10:32:15,1283.8847639757287,USP BEAUMONT,60.0,60.0,0.0,12.666666666666668,1,0,1,0,0.121
2024-07-07 10:32:15,1284.1951973381463,USP BEAUMONT,60.0,60.0,0.0,12.666666666666668,1,0,1,0,0.121
2024-07-08 10:32:15,1286.648770984497,USP BEAUMONT,60.0,60.0,0.0,12.666666666666668,1,0,1,0,0.12
2024-07-09 10:32:15,1284.170722534777,USP BEAUMONT,60.0,60.0,0.0,12.666666666666668,1,0,1,0,0.121
2024-07-10 10:32:15,1280.4567306978129,USP BEAUMONT,60.0,60.0,0.0,12.666666666666668,1,0,1,0,0.121
2024-07-11 10:32:15,1279.8335549014732,USP BEAUMONT,60.0,60.0,0.0,12.666666666666668,1,0,1,0,0.119
2024-07-05 10:32:32,1692.2541094003197,FCI BECKLEY,82.7,65.2,15.36,34.66666666666667,1,0,0,1,0.465
2024-07-06 10:32:32,1693.5688004149963,FCI BECKLEY,60.0,60.0,0.0,34.66666666666667,1,0,0,1,0.297
2024-07-07 10:32:32,1691.4943265500897,FCI BECKLEY,60.0,60.0,0.0,34.66666666666667,1,0,0,1,0.3
2024-07-08 10:32:32,1694.8002461392612,FCI BECKLEY,60.0,60.0,0.0,34.66666666666667,1,0,0,1,0.294
2024-07-09 10:32:32,1692.929665871202,FCI BECKLEY,60.0,60.0,0.0,34.66666666666667,1,0,0,1,0.298
2024-07-10 10:32:32,1691.8810127773256,FCI BECKLEY,60.0,60.0,0.0,34.66666666666667,1,0,0,1,0.303
2024-07-11 10:32:32,1691.7041959297171,FCI BECKLEY,60.0,60.0,0.0,34.66666666666667,1,0,0,1,0.303
2024-07-05 10:32:52,1608.906603422827,FCI BENNETTSVILLE,100.0,72.4,0.24,4.666666666666667,1,0,0,1,0.026
2024-07-06 10:32:52,1610.5951397967767,FCI BENNETTSVILLE,60.0,60.0,0.0,4.666666666666667,1,0,0,1,0.039
2024-07-07 10:32:52,1610.288013795474,FCI BENNETTSVILLE,60.0,60.0,0.0,4.666666666666667,1,0,0,1,0.039
2024-07-08 10:32:52,1611.861077026632,FCI BENNETTSVILLE,60.0,60.0,0.0,4.666666666666667,1,0,0,1,0.039
2024-07-09 10:32:52,1613.5289959714776,FCI BENNETTSVILLE,60.0,60.0,0.0,4.666666666666667,1,0,0,1,0.039
2024-07-10 10:32:52,1616.7265238207058,FCI BENNETTSVILLE,60.0,60.0,0.0,4.666666666666667,1,0,0,1,0.042
2024-07-11 10:32:52,1609.8929303930151,FCI BENNETTSVILLE,60.0,60.0,0.0,4.666666666666667,1,0,0,1,0.039
2024-07-05 10:33:09,918.7849759340431,FCI BERLIN,82.7,57.1,1.73,0.6666666666666667,1,0,1,0,0.006
2024-07-06 10:33:09,921.2158177890697,FCI BERLIN,60.0,60.0,0.0,0.6666666666666667,1,0,1,0,0.009
2024-07-07 10:33:09,924.9698257605287,FCI BERLIN,60.0,60.0,0.0,0.6666666666666667,1,0,1,0,0.009
2024-07-08 10:33:09,922.1684010619396,FCI BERLIN,60.0,60.0,0.0,0.6666666666666667,1,0,1,0,0.009
2024-07-09 10:33:09,925.3192534447346,FCI BERLIN,60.0,60.0,0.0,0.6666666666666667,1,0,1,0,0.009
2024-07-10 10:33:09,923.1885014968523,FCI BERLIN,60.0,60.0,0.0,0.6666666666666667,1,0,1,0,0.009
2024-07-11 10:33:09,930.5464811870903,FCI BERLIN,60.0,60.0,0.0,0.6666666666666667,1,0,1,0,0.014
2024-07-05 10:33:27,1298.7968939504071,USP BIG SANDY,83.7,69.7,10.16,30.0,1,0,0,1,0.416
2024-07-06 10:33:27,1306.6844781778118,USP BIG SANDY,60.0,60.0,0.0,30.0,1,0,0,1,0.482
2024-07-07 10:33:27,1300.855846499393,USP BIG SANDY,60.0,60.0,0.0,30.0,1,0,0,1,0.451
2024-07-08 10:33:27,1301.9839328724588,USP BIG SANDY,60.0,60.0,0.0,30.0,1,0,0,1,0.45
2024-07-09 10:33:27,1298.617921425626,USP BIG SANDY,60.0,60.0,0.0,30.0,1,0,0,1,0.451
2024-07-10 10:33:27,1295.9210174785478,USP BIG SANDY,60.0,60.0,0.0,30.0,1,0,0,1,0.448
2024-07-11 10:33:27,1296.223483093658,USP BIG SANDY,60.0,60.0,0.0,30.0,1,0,0,1,0.447
2024-07-05 10:33:43,886.086910735386,FCI BIG SPRING,87.5,70.6,16.48,0.0,1,0,1,0,0.0
2024-07-06 10:33:43,886.5370907553386,FCI BIG SPRING,60.0,60.0,0.0,0.0,1,0,1,0,0.003
2024-07-07 10:33:43,876.4189574512875,FCI BIG SPRING,60.0,60.0,0.0,0.0,1,0,1,0,0.017
2024-07-08 10:33:43,880.3109287474786,FCI BIG SPRING,60.0,60.0,0.0,0.0,1,0,1,0,0.006
2024-07-09 10:33:43,875.6000815501653,FCI BIG SPRING,60.0,60.0,0.0,0.0,1,0,1,0,0.01
2024-07-10 10:33:43,870.366374149902,FCI BIG SPRING,60.0,60.0,0.0,0.0,1,0,1,0,0.006
2024-07-11 10:33:43,863.3118502271727,FCI BIG SPRING,60.0,60.0,0.0,0.0,1,0,1,0,0.004
2024-07-05 10:34:03,1340.0442748792875,MDC BROOKLYN,80.9,73.2,12.64,10.666666666666668,0,1,0,0,0.164
2024-07-06 10:34:03,1350.9967936601797,MDC BROOKLYN,60.0,60.0,0.0,10.666666666666668,0,1,0,0,0.173
2024-07-07 10:34:03,1347.186060449779,MDC BROOKLYN,60.0,60.0,0.0,10.666666666666668,0,1,0,0,0.178
2024-07-08 10:34:03,1345.5839967508718,MDC BROOKLYN,60.0,60.0,0.0,10.666666666666668,0,1,0,0,0.177
2024-07-09 10:34:03,1347.8294967715426,MDC BROOKLYN,60.0,60.0,0.0,10.666666666666668,0,1,0,0,0.178
2024-07-10 10:34:03,1343.7427199532701,MDC BROOKLYN,60.0,60.0,0.0,10.666666666666668,0,1,0,0,0.176
2024-07-11 10:34:03,1342.1175597803222,MDC BROOKLYN,60.0,60.0,0.0,10.666666666666668,0,1,0,0,0.176
2024-07-05 10:34:19,656.9727265044874,FPC BRYAN,99.1,75.4,13.96,0.6666666666666667,0,0,1,0,0.002
2024-07-06 10:34:19,653.6586986652621,FPC BRYAN,60.0,60.0,0.0,0.6666666666666667,0,0,1,0,0.006
2024-07-07 10:34:19,654.5995416399617,FPC BRYAN,60.0,60.0,0.0,0.6666666666666667,0,0,1,0,0.016
2024-07-08 10:34:19,655.6182453174255,FPC BRYAN,60.0,60.0,0.0,0.6666666666666667,0,0,1,0,0.009
2024-07-09 10:34:19,654.5051794833541,FPC BRYAN,60.0,60.0,0.0,0.6666666666666667,0,0,1,0,0.016
2024-07-10 10:34:19,652.8130652247378,FPC BRYAN,60.0,60.0,0.0,0.6666666666666667,0,0,1,0,0.006
2024-07-11 10:34:19,654.5276134175275,FPC BRYAN,60.0,60.0,0.0,0.6666666666666667,0,0,1,0,0.016
2024-07-05 10:34:37,1610.562579914968,FCI BUTNER MEDIUM II,98.7,70.7,2.23,8.053691275167784,1,0,1,0,0.025
2024-07-06 10:34:37,1611.9904155204565,FCI BUTNER MEDIUM II,60.0,60.0,0.0,8.053691275167784,1,0,1,0,0.12
2024-07-07 10:34:37,1608.1587748113925,FCI BUTNER MEDIUM II,60.0,60.0,0.0,8.053691275167784,1,0,1,0,0.121
2024-07-08 10:34:37,1611.9768221819868,FCI BUTNER MEDIUM II,60.0,60.0,0.0,8.053691275167784,1,0,1,0,0.12
2024-07-09 10:34:37,1612.1241581637942,FCI BUTNER MEDIUM II,60.0,60.0,0.0,8.053691275167784,1,0,1,0,0.12
2024-07-10 10:34:37,1613.031469792244,FCI BUTNER MEDIUM II,60.0,60.0,0.0,8.053691275167784,1,0,1,0,0.121
2024-07-11 10:34:37,1614.021224013929,FCI BUTNER MEDIUM II,60.0,60.0,0.0,8.053691275167784,1,0,1,0,0.121
2024-07-05 10:34:52,988.2663934515178,FCI BUTNER LOW,98.7,70.7,2.23,2.666666666666667,1,0,1,0,0.026
2024-07-06 10:34:52,989.0826921189205,FCI BUTNER LOW,60.0,60.0,0.0,2.666666666666667,1,0,1,0,0.073
2024-07-07 10:34:52,988.3858136476192,FCI BUTNER LOW,60.0,60.0,0.0,2.666666666666667,1,0,1,0,0.073
2024-07-08 10:34:52,989.017835243443,FCI BUTNER LOW,60.0,60.0,0.0,2.666666666666667,1,0,1,0,0.073
2024-07-09 10:34:52,988.5449868336468,FCI BUTNER LOW,60.0,60.0,0.0,2.666666666666667,1,0,1,0,0.073
2024-07-10 10:34:52,987.5050355825473,FCI BUTNER LOW,60.0,60.0,0.0,2.666666666666667,1,0,1,0,0.072
2024-07-11 10:34:52,987.2241507815562,FCI BUTNER LOW,60.0,60.0,0.0,2.666666666666667,1,0,1,0,0.072
2024-07-05 10:35:13,874.110183249202,FCI BUTNER MEDIUM I,98.7,70.7,2.23,2.0,1,0,1,0,0.012
2024-07-06 10:35:13,872.1871316382083,FCI BUTNER MEDIUM I,60.0,60.0,0.0,2.0,1,0,1,0,0.027
2024-07-07 10:35:13,874.4339052845189,FCI BUTNER MEDIUM I,60.0,60.0,0.0,2.0,1,0,1,0,0.035
2024-07-08 10:35:13,874.16829467927,FCI BUTNER MEDIUM I,60.0,60.0,0.0,2.0,1,0,1,0,0.03
2024-07-09 10:35:13,874.4397244204839,FCI BUTNER MEDIUM I,60.0,60.0,0.0,2.0,1,0,1,0,0.035
2024-07-10 10:35:13,873.8621087953334,FCI BUTNER MEDIUM I,60.0,60.0,0.0,2.0,1,0,1,0,0.03
2024-07-11 10:35:13,873.8841765691334,FCI BUTNER MEDIUM I,60.0,60.0,0.0,2.0,1,0,1,0,0.03
2024-07-05 10:35:28,849.9397119475095,FMC BUTNER,98.7,70.7,2.23,2.0,1,0,1,0,0.007
2024-07-06 10:35:28,849.5547040930461,FMC BUTNER,60.0,60.0,0.0,2.0,1,0,1,0,0.026
2024-07-07 10:35:28,848.7659320792242,FMC BUTNER,60.0,60.0,0.0,2.0,1,0,1,0,0.026
2024-07-08 10:35:28,849.3348705514966,FMC BUTNER,60.0,60.0,0.0,2.0,1,0,1,0,0.026
2024-07-09 10:35:28,848.5873999593109,FMC BUTNER,60.0,60.0,0.0,2.0,1,0,1,0,0.026
2024-07-10 10:35:28,850.4709180488563,FMC BUTNER,60.0,60.0,0.0,2.0,1,0,1,0,0.026
2024-07-11 10:35:28,848.7799150899605,FMC BUTNER,60.0,60.0,0.0,2.0,1,0,1,0,0.026
2024-07-05 10:35:46,1320.2469280138382,USP CANAAN,85.8,65.4,11.64,70.66666666666667,1,0,1,0,0.556
2024-07-06 10:35:46,1317.8042603492966,USP CANAAN,60.0,60.0,0.0,70.66666666666667,1,0,1,0,0.645
2024-07-07 10:35:46,1318.2851892635763,USP CANAAN,60.0,60.0,0.0,70.66666666666667,1,0,1,0,0.645
2024-07-08 10:35:46,1318.5223990794373,USP CANAAN,60.0,60.0,0.0,70.66666666666667,1,0,1,0,0.645
2024-07-09 10:35:46,1318.6107921796809,USP CANAAN,60.0,60.0,0.0,70.66666666666667,1,0,1,0,0.645
2024-07-10 10:35:46,1322.2338749182334,USP CANAAN,60.0,60.0,0.0,70.66666666666667,1,0,1,0,0.632
2024-07-11 10:35:46,1322.4254094422165,USP CANAAN,60.0,60.0,0.0,70.66666666666667,1,0,1,0,0.632
2024-07-05 10:36:02,1138.3102126746708,FMC CARSWELL,95.3,71.4,7.5,0.0,0,0,1,0,0.002
2024-07-06 10:36:02,1137.4541956355756,FMC CARSWELL,60.0,60.0,0.0,0.0,0,0,1,0,0.004
2024-07-07 10:36:02,1136.0427688936495,FMC CARSWELL,60.0,60.0,0.0,0.0,0,0,1,0,0.004
2024-07-08 10:36:02,1137.5706194022112,FMC CARSWELL,60.0,60.0,0.0,0.0,0,0,1,0,0.004
2024-07-09 10:36:02,1137.2577845258643,FMC CARSWELL,60.0,60.0,0.0,0.0,0,0,1,0,0.004
2024-07-10 10:36:02,1138.2620888848955,FMC CARSWELL,60.0,60.0,0.0,0.0,0,0,1,0,0.004
2024-07-11 10:36:02,1136.4543926165945,FMC CARSWELL,60.0,60.0,0.0,0.0,0,0,1,0,0.004
2024-07-05 10:36:22,543.3160379225059,MCC CHICAGO,74.3,64.5,4.41,0.0,0,1,0,0,0.0
2024-07-06 10:36:22,538.1842866640967,MCC CHICAGO,60.0,60.0,0.0,0.0,0,1,0,0,0.0
2024-07-07 10:36:22,543.4641838453309,MCC CHICAGO,60.0,60.0,0.0,0.0,0,1,0,0,0.0
2024-07-08 10:36:22,538.9266966671598,MCC CHICAGO,60.0,60.0,0.0,0.0,0,1,0,0,0.0
2024-07-09 10:36:22,538.2798036204883,MCC CHICAGO,60.0,60.0,0.0,0.0,0,1,0,0,0.0
2024-07-10 10:36:22,538.8446041147793,MCC CHICAGO,60.0,60.0,0.0,0.0,0,1,0,0,0.0
2024-07-11 10:36:22,536.2394189158408,MCC CHICAGO,60.0,60.0,0.0,0.0,0,1,0,0,0.0
2024-07-05 10:36:39,2035.4810204083103,FCI COLEMAN LOW,96.4,76.6,11.04,34.66666666666667,1,0,1,0,0.179
2024-07-06 10:36:39,2035.0418477401256,FCI COLEMAN LOW,60.0,60.0,0.0,34.66666666666667,1,0,1,0,0.3972
2024-07-07 10:36:39,2036.061986029167,FCI COLEMAN LOW,60.0,60.0,0.0,34.66666666666667,1,0,1,0,0.4052
2024-07-08 10:36:39,2034.7253386949208,FCI COLEMAN LOW,60.0,60.0,0.0,34.66666666666667,1,0,1,0,0.3972
2024-07-09 10:36:39,2035.3535926697343,FCI COLEMAN LOW,60.0,60.0,0.0,34.66666666666667,1,0,1,0,0.3972
2024-07-10 10:36:39,2034.4738292646025,FCI COLEMAN LOW,60.0,60.0,0.0,34.66666666666667,1,0,1,0,0.3972
2024-07-11 10:36:39,2032.8931168786266,FCI COLEMAN LOW,60.0,60.0,0.0,34.66666666666667,1,0,1,0,0.3972
2024-07-05 10:36:56,1566.9139694171997,FCI COLEMAN MEDIUM,96.4,76.6,11.04,46.666666666666664,1,0,1,0,0.105
2024-07-06 10:36:56,1568.2335145462741,FCI COLEMAN MEDIUM,60.0,60.0,0.0,46.666666666666664,1,0,1,0,0.516
2024-07-07 10:36:56,1568.296679030036,FCI COLEMAN MEDIUM,60.0,60.0,0.0,46.666666666666664,1,0,1,0,0.516
2024-07-08 10:36:56,1568.8631374865924,FCI COLEMAN MEDIUM,60.0,60.0,0.0,46.666666666666664,1,0,1,0,0.515
2024-07-09 10:36:56,1569.6422348480583,FCI COLEMAN MEDIUM,60.0,60.0,0.0,46.666666666666664,1,0,1,0,0.515
2024-07-10 10:36:56,1569.7474008224979,FCI COLEMAN MEDIUM,60.0,60.0,0.0,46.666666666666664,1,0,1,0,0.515
2024-07-11 10:36:56,1570.4322712665262,FCI COLEMAN MEDIUM,60.0,60.0,0.0,46.666666666666664,1,0,1,0,0.519
2024-07-05 10:37:12,1140.0089025941159,USP COLEMAN II,96.4,76.6,11.04,1.3333333333333335,1,0,1,0,0.027
2024-07-06 10:37:12,1141.8110230005393,USP COLEMAN II,60.0,60.0,0.0,1.3333333333333335,1,0,1,0,0.003
2024-07-07 10:37:12,1144.4984787167125,USP COLEMAN II,60.0,60.0,0.0,1.3333333333333335,1,0,1,0,0.003
2024-07-08 10:37:12,1142.1787244501072,USP COLEMAN II,60.0,60.0,0.0,1.3333333333333335,1,0,1,0,0.003
2024-07-09 10:37:12,1143.7827611652954,USP COLEMAN II,60.0,60.0,0.0,1.3333333333333335,1,0,1,0,0.004
2024-07-10 10:37:12,1142.5424015928427,USP COLEMAN II,60.0,60.0,0.0,1.3333333333333335,1,0,1,0,0.003
2024-07-11 10:37:12,1142.8356941385628,USP COLEMAN II,60.0,60.0,0.0,1.3333333333333335,1,0,1,0,0.003
2024-07-05 10:37:30,1407.314572818451,USP COLEMAN I,96.4,76.6,11.04,24.0,1,0,1,0,0.144
2024-07-06 10:37:30,1408.7169422221514,USP COLEMAN I,60.0,60.0,0.0,24.0,1,0,1,0,0.314
2024-07-07 10:37:30,1408.170833461245,USP COLEMAN I,60.0,60.0,0.0,24.0,1,0,1,0,0.314
2024-07-08 10:37:30,1408.3395532837756,USP COLEMAN I,60.0,60.0,0.0,24.0,1,0,1,0,0.314
2024-07-09 10:37:30,1407.7050194459723,USP COLEMAN I,60.0,60.0,0.0,24.0,1,0,1,0,0.314
2024-07-10 10:37:30,1404.4393188796162,USP COLEMAN I,60.0,60.0,0.0,24.0,1,0,1,0,0.312
2024-07-11 10:37:30,1406.5270867904555,USP COLEMAN I,60.0,60.0,0.0,24.0,1,0,1,0,0.316
2024-07-05 10:37:46,1021.7839707932601,FCI CUMBERLAND,94.7,64.4,4.8,0.0,1,0,0,0,0.006
2024-07-06 10:37:46,1025.0786913857523,FCI CUMBERLAND,60.0,60.0,0.0,0.0,1,0,0,0,0.006
2024-07-07 10:37:46,1019.5258358130388,FCI CUMBERLAND,60.0,60.0,0.0,0.0,1,0,0,0,0.006
2024-07-08 10:37:46,1024.6806913173123,FCI CUMBERLAND,60.0,60.0,0.0,0.0,1,0,0,0,0.006
2024-07-09 10:37:46,1023.1558969326913,FCI CUMBERLAND,60.0,60.0,0.0,0.0,1,0,0,0,0.006
2024-07-10 10:37:46,1018.9636254495919,FCI CUMBERLAND,60.0,60.0,0.0,0.0,1,0,0,0,0.006
2024-07-11 10:37:46,1022.234285436105,FCI CUMBERLAND,60.0,60.0,0.0,0.0,1,0,0,0,0.006
2024-07-05 10:38:05,1165.8239026006345,FCI DANBURY,85.0,68.7,6.4,4.666666666666667,0,1,0,0,0.093
2024-07-06 10:38:05,1163.1413508324702,FCI DANBURY,60.0,60.0,0.0,4.666666666666667,0,1,0,0,0.082
2024-07-07 10:38:05,1167.765294621079,FCI DANBURY,60.0,60.0,0.0,4.666666666666667,0,1,0,0,0.082
2024-07-08 10:38:05,1165.9612061512664,FCI DANBURY,60.0,60.0,0.0,4.666666666666667,0,1,0,0,0.081
2024-07-09 10:38:05,1164.4184344901457,FCI DANBURY,60.0,60.0,0.0,4.666666666666667,0,1,0,0,0.081
2024-07-10 10:38:05,1166.2743108570915,FCI DANBURY,60.0,60.0,0.0,4.666666666666667,0,1,0,0,0.081
2024-07-11 10:38:05,1168.9120863947983,FCI DANBURY,60.0,60.0,0.0,4.666666666666667,0,1,0,0,0.083
2024-07-05 10:38:21,1034.088412991026,FMC DEVENS,89.2,67.5,0.24,0.0,1,0,0,0,0.011
2024-07-06 10:38:21,1041.1753740315742,FMC DEVENS,60.0,60.0,0.0,0.0,1,0,0,0,0.014
2024-07-07 10:38:21,1038.8516877193533,FMC DEVENS,60.0,60.0,0.0,0.0,1,0,0,0,0.012
2024-07-08 10:38:21,1039.0325332760015,FMC DEVENS,60.0,60.0,0.0,0.0,1,0,0,0,0.013
2024-07-09 10:38:21,1040.7250239164987,FMC DEVENS,60.0,60.0,0.0,0.0,1,0,0,0,0.014
2024-07-10 10:38:21,1037.355514072142,FMC DEVENS,60.0,60.0,0.0,0.0,1,0,0,0,0.01
2024-07-11 10:38:21,1040.4965840935076,FMC DEVENS,60.0,60.0,0.0,0.0,1,0,0,0,0.023
2024-07-05 10:38:39,-198.83331843094425,FCI DUBLIN,103.2,65.3,0.0,29.333333333333332,0,0,0,0,0.536
2024-07-06 10:38:39,-237.40910873779103,FCI DUBLIN,60.0,60.0,0.0,29.333333333333332,0,0,0,0,0.701
2024-07-07 10:38:39,-227.45114582899993,FCI DUBLIN,60.0,60.0,0.0,29.333333333333332,0,0,0,0,0.701
2024-07-08 10:38:39,-253.19544311006584,FCI DUBLIN,60.0,60.0,0.0,29.333333333333332,0,0,0,0,0.701
2024-07-09 10:38:39,-238.5880022362866,FCI DUBLIN,60.0,60.0,0.0,29.333333333333332,0,0,0,0,0.701
2024-07-10 10:38:39,-243.38871634772653,FCI DUBLIN,60.0,60.0,0.0,29.333333333333332,0,0,0,0,0.701
2024-07-11 10:38:39,-250.79824184794722,FCI DUBLIN,60.0,60.0,0.0,29.333333333333332,0,0,0,0,0.701
2024-07-05 10:38:54,640.7090943643033,FPC DULUTH,69.8,54.5,0.02,4.0,1,0,0,0,0.006
2024-07-06 10:38:54,642.0395149728091,FPC DULUTH,60.0,60.0,0.0,4.0,1,0,0,0,0.047
2024-07-07 10:38:54,641.4694258610077,FPC DULUTH,60.0,60.0,0.0,4.0,1,0,0,0,0.047
2024-07-08 10:38:54,642.7130808787828,FPC DULUTH,60.0,60.0,0.0,4.0,1,0,0,0,0.047
2024-07-09 10:38:54,643.7158694857524,FPC DULUTH,60.0,60.0,0.0,4.0,1,0,0,0,0.047
2024-07-10 10:38:54,643.0599957039892,FPC DULUTH,60.0,60.0,0.0,4.0,1,0,0,0,0.047
2024-07-11 10:38:54,643.6515591313982,FPC DULUTH,60.0,60.0,0.0,4.0,1,0,0,0,0.047
2024-07-05 10:39:12,2049.0018457905703,FCI EDGEFIELD,98.5,75.1,0.75,12.0,1,0,0,1,0.129
2024-07-06 10:39:12,2045.6005861860883,FCI EDGEFIELD,60.0,60.0,0.0,12.0,1,0,0,1,0.19
2024-07-07 10:39:12,2053.0012169343254,FCI EDGEFIELD,60.0,60.0,0.0,12.0,1,0,0,1,0.192
2024-07-08 10:39:12,2051.519292064153,FCI EDGEFIELD,60.0,60.0,0.0,12.0,1,0,0,1,0.193
2024-07-09 10:39:12,2053.2130849642526,FCI EDGEFIELD,60.0,60.0,0.0,12.0,1,0,0,1,0.191
2024-07-10 10:39:12,2052.9942106950816,FCI EDGEFIELD,60.0,60.0,0.0,12.0,1,0,0,1,0.192
2024-07-11 10:39:12,2056.3706500421376,FCI EDGEFIELD,60.0,60.0,0.0,12.0,1,0,0,1,0.187
2024-07-05 10:39:28,1198.0609599747836,FCI EL RENO,92.5,68.6,0.49,4.0,1,0,0,1,0.065
2024-07-06 10:39:28,1198.599209871481,FCI EL RENO,60.0,60.0,0.0,4.0,1,0,0,1,0.04
2024-07-07 10:39:28,1197.698295478038,FCI EL RENO,60.0,60.0,0.0,4.0,1,0,0,1,0.04
2024-07-08 10:39:28,1198.6313297017084,FCI EL RENO,60.0,60.0,0.0,4.0,1,0,0,1,0.04
2024-07-09 10:39:28,1198.095008747116,FCI EL RENO,60.0,60.0,0.0,4.0,1,0,0,1,0.04
2024-07-10 10:39:28,1195.1158978608519,FCI EL RENO,60.0,60.0,0.0,4.0,1,0,0,1,0.043
2024-07-11 10:39:28,1196.5293698698295,FCI EL RENO,60.0,60.0,0.0,4.0,1,0,0,1,0.044
2024-07-05 10:39:48,1921.2086125170022,FCI ELKTON,87.7,65.2,8.92,0.0,1,0,1,0,0.012
2024-07-06 10:39:48,1920.7314652790387,FCI ELKTON,60.0,60.0,0.0,0.0,1,0,1,0,0.006
2024-07-07 10:39:48,1921.1897176130387,FCI ELKTON,60.0,60.0,0.0,0.0,1,0,1,0,0.006
2024-07-08 10:39:48,1922.3623241985351,FCI ELKTON,60.0,60.0,0.0,0.0,1,0,1,0,0.006
2024-07-09 10:39:48,1923.8363416703633,FCI ELKTON,60.0,60.0,0.0,0.0,1,0,1,0,0.006
2024-07-10 10:39:48,1924.5435543469814,FCI ELKTON,60.0,60.0,0.0,0.0,1,0,1,0,0.006
2024-07-11 10:39:48,1923.49694123234,FCI ELKTON,60.0,60.0,0.0,0.0,1,0,1,0,0.006
2024-07-05 10:40:04,970.0011352101379,FCI ENGLEWOOD,84.4,56.1,0.0,0.0,1,0,1,0,0.0
2024-07-06 10:40:04,969.2030781633233,FCI ENGLEWOOD,60.0,60.0,0.0,0.0,1,0,1,0,0.002
2024-07-07 10:40:04,967.4271852720202,FCI ENGLEWOOD,60.0,60.0,0.0,0.0,1,0,1,0,0.002
2024-07-08 10:40:04,968.7125670965959,FCI ENGLEWOOD,60.0,60.0,0.0,0.0,1,0,1,0,0.002
2024-07-09 10:40:04,967.8918102220247,FCI ENGLEWOOD,60.0,60.0,0.0,0.0,1,0,1,0,0.002
2024-07-10 10:40:04,968.0529960772423,FCI ENGLEWOOD,60.0,60.0,0.0,0.0,1,0,1,0,0.002
2024-07-11 10:40:04,968.2971076612996,FCI ENGLEWOOD,60.0,60.0,0.0,0.0,1,0,1,0,0.002
2024-07-05 10:40:22,55.062267966268436,FCI ESTILL,100.1,74.2,0.0,0.0,1,0,0,1,0.001
2024-07-06 10:40:22,55.63331082173499,FCI ESTILL,60.0,60.0,0.0,0.0,1,0,0,1,0.0
2024-07-07 10:40:22,54.68820186393208,FCI ESTILL,60.0,60.0,0.0,0.0,1,0,0,1,0.0
2024-07-08 10:40:22,54.87235021407751,FCI ESTILL,60.0,60.0,0.0,0.0,1,0,0,1,0.0
2024-07-09 10:40:22,54.651770954571276,FCI ESTILL,60.0,60.0,0.0,0.0,1,0,0,1,0.0
2024-07-10 10:40:22,55.063461666063745,FCI ESTILL,60.0,60.0,0.0,0.0,1,0,0,1,0.0
2024-07-11 10:40:22,54.43699003971891,FCI ESTILL,60.0,60.0,0.0,0.0,1,0,0,1,0.0
2024-07-05 10:40:37,798.3033412753965,FCI FAIRTON,86.4,71.8,2.79,2.684563758389262,1,0,0,0,0.021
2024-07-06 10:40:37,798.7794198645172,FCI FAIRTON,60.0,60.0,0.0,2.684563758389262,1,0,0,0,0.054
2024-07-07 10:40:37,798.1826838478049,FCI FAIRTON,60.0,60.0,0.0,2.684563758389262,1,0,0,0,0.054
2024-07-08 10:40:37,797.2902638171348,FCI FAIRTON,60.0,60.0,0.0,2.684563758389262,1,0,0,0,0.054
2024-07-09 10:40:37,797.5780814253613,FCI FAIRTON,60.0,60.0,0.0,2.684563758389262,1,0,0,0,0.054
2024-07-10 10:40:37,798.1209372698393,FCI FAIRTON,60.0,60.0,0.0,2.684563758389262,1,0,0,0,0.054
2024-07-11 10:40:37,797.3856002778741,FCI FAIRTON,60.0,60.0,0.0,2.684563758389262,1,0,0,0,0.054
2024-07-05 10:40:56,1443.291990082688,FCI FLORENCE,84.6,51.0,0.0,1.342281879194631,1,0,1,0,0.016
2024-07-06 10:40:56,1450.419656644391,FCI FLORENCE,60.0,60.0,0.0,1.342281879194631,1,0,1,0,0.008
2024-07-07 10:40:56,1449.1535721782755,FCI FLORENCE,60.0,60.0,0.0,1.342281879194631,1,0,1,0,0.006
2024-07-08 10:40:56,1448.218019726023,FCI FLORENCE,60.0,60.0,0.0,1.342281879194631,1,0,1,0,0.006
2024-07-09 10:40:56,1450.9495548313726,FCI FLORENCE,60.0,60.0,0.0,1.342281879194631,1,0,1,0,0.008
2024-07-10 10:40:56,1443.988417164684,FCI FLORENCE,60.0,60.0,0.0,1.342281879194631,1,0,1,0,0.006
2024-07-11 10:40:56,1449.299163239329,FCI FLORENCE,60.0,60.0,0.0,1.342281879194631,1,0,1,0,0.006
2024-07-05 10:41:12,333.6202969366108,USP FLORENCE ADMAX,84.6,51.0,0.0,0.0,1,0,1,0,0.0
2024-07-06 10:41:12,333.3664038391959,USP FLORENCE ADMAX,60.0,60.0,0.0,0.0,1,0,1,0,0.001
2024-07-07 10:41:12,333.167325999965,USP FLORENCE ADMAX,60.0,60.0,0.0,0.0,1,0,1,0,0.001
2024-07-08 10:41:12,333.7131329782204,USP FLORENCE ADMAX,60.0,60.0,0.0,0.0,1,0,1,0,0.001
2024-07-09 10:41:12,333.9254188006176,USP FLORENCE ADMAX,60.0,60.0,0.0,0.0,1,0,1,0,0.001
2024-07-10 10:41:12,333.73045213471966,USP FLORENCE ADMAX,60.0,60.0,0.0,0.0,1,0,1,0,0.001
2024-07-11 10:41:12,334.0587853514864,USP FLORENCE ADMAX,60.0,60.0,0.0,0.0,1,0,1,0,0.001
2024-07-05 10:41:29,795.3206466690635,USP FLORENCE - HIGH,84.6,51.0,0.0,39.59731543624161,1,0,1,0,0.25
2024-07-06 10:41:29,789.3217972192501,USP FLORENCE - HIGH,60.0,60.0,0.0,39.59731543624161,1,0,1,0,0.364
2024-07-07 10:41:29,791.5757853531783,USP FLORENCE - HIGH,60.0,60.0,0.0,39.59731543624161,1,0,1,0,0.364
2024-07-08 10:41:29,793.0201296102675,USP FLORENCE - HIGH,60.0,60.0,0.0,39.59731543624161,1,0,1,0,0.364
2024-07-09 10:41:29,790.7816770470812,USP FLORENCE - HIGH,60.0,60.0,0.0,39.59731543624161,1,0,1,0,0.364
2024-07-10 10:41:29,793.2010911320813,USP FLORENCE - HIGH,60.0,60.0,0.0,39.59731543624161,1,0,1,0,0.364
2024-07-11 10:41:29,788.2445117570167,USP FLORENCE - HIGH,60.0,60.0,0.0,39.59731543624161,1,0,1,0,0.364
2024-07-05 10:41:44,1671.5384507612032,FCI FORREST CITY MEDIUM,86.2,72.4,6.74,18.79194630872483,1,0,0,1,0.191
2024-07-06 10:41:44,1668.9811931693496,FCI FORREST CITY MEDIUM,60.0,60.0,0.0,18.79194630872483,1,0,0,1,0.311
2024-07-07 10:41:44,1673.897228340985,FCI FORREST CITY MEDIUM,60.0,60.0,0.0,18.79194630872483,1,0,0,1,0.304
2024-07-08 10:41:44,1673.512026426827,FCI FORREST CITY MEDIUM,60.0,60.0,0.0,18.79194630872483,1,0,0,1,0.317
2024-07-09 10:41:44,1674.0950990324181,FCI FORREST CITY MEDIUM,60.0,60.0,0.0,18.79194630872483,1,0,0,1,0.301
2024-07-10 10:41:44,1673.783380621965,FCI FORREST CITY MEDIUM,60.0,60.0,0.0,18.79194630872483,1,0,0,1,0.304
2024-07-11 10:41:44,1672.8855600596696,FCI FORREST CITY MEDIUM,60.0,60.0,0.0,18.79194630872483,1,0,0,1,0.319
2024-07-05 10:42:02,1862.8498187118396,FCI FORREST CITY LOW,86.2,72.4,6.74,8.724832214765101,1,0,0,1,0.092
2024-07-06 10:42:02,1862.4774807371446,FCI FORREST CITY LOW,60.0,60.0,0.0,8.724832214765101,1,0,0,1,0.066
2024-07-07 10:42:02,1864.5621575109872,FCI FORREST CITY LOW,60.0,60.0,0.0,8.724832214765101,1,0,0,1,0.066
2024-07-08 10:42:02,1867.3661541428826,FCI FORREST CITY LOW,60.0,60.0,0.0,8.724832214765101,1,0,0,1,0.066
2024-07-09 10:42:02,1867.94530498042,FCI FORREST CITY LOW,60.0,60.0,0.0,8.724832214765101,1,0,0,1,0.066
2024-07-10 10:42:02,1869.2818847145343,FCI FORREST CITY LOW,60.0,60.0,0.0,8.724832214765101,1,0,0,1,0.066
2024-07-11 10:42:02,1866.5694679257335,FCI FORREST CITY LOW,60.0,60.0,0.0,8.724832214765101,1,0,0,1,0.066
2024-07-05 10:42:18,4102.779653646367,FCI FORT DIX,90.5,72.2,4.18,0.0,1,0,0,0,0.092
2024-07-06 10:42:18,4103.996174133219,FCI FORT DIX,60.0,60.0,0.0,0.0,1,0,0,0,0.045
2024-07-07 10:42:18,4100.717165492597,FCI FORT DIX,60.0,60.0,0.0,0.0,1,0,0,0,0.045
2024-07-08 10:42:18,4103.830251665213,FCI FORT DIX,60.0,60.0,0.0,0.0,1,0,0,0,0.045
2024-07-09 10:42:18,4105.488123028797,FCI FORT DIX,60.0,60.0,0.0,0.0,1,0,0,0,0.045
2024-07-10 10:42:18,4102.289247794132,FCI FORT DIX,60.0,60.0,0.0,0.0,1,0,0,0,0.045
2024-07-11 10:42:18,4101.522559835014,FCI FORT DIX,60.0,60.0,0.0,0.0,1,0,0,0,0.045
2024-07-05 10:42:35,1525.7861732682304,FMC FORT WORTH,95.7,72.8,7.19,0.0,1,0,1,0,0.008
2024-07-06 10:42:35,1527.2240808568895,FMC FORT WORTH,60.0,60.0,0.0,0.0,1,0,1,0,0.002
2024-07-07 10:42:35,1527.7629099179821,FMC FORT WORTH,60.0,60.0,0.0,0.0,1,0,1,0,0.002
2024-07-08 10:42:35,1527.1757566033984,FMC FORT WORTH,60.0,60.0,0.0,0.0,1,0,1,0,0.002
2024-07-09 10:42:35,1527.31034619956,FMC FORT WORTH,60.0,60.0,0.0,0.0,1,0,1,0,0.002
2024-07-10 10:42:35,1526.5072928384388,FMC FORT WORTH,60.0,60.0,0.0,0.0,1,0,1,0,0.002
2024-07-11 10:42:35,1527.5386921310105,FMC FORT WORTH,60.0,60.0,0.0,0.0,1,0,1,0,0.002
2024-07-05 10:42:51,1455.2323294062585,FCI GILMER,92.5,68.4,7.02,15.436241610738255,1,0,0,1,0.079
2024-07-06 10:42:51,1453.363619472368,FCI GILMER,60.0,60.0,0.0,15.436241610738255,1,0,0,1,0.15
2024-07-07 10:42:51,1447.2771444741913,FCI GILMER,60.0,60.0,0.0,15.436241610738255,1,0,0,1,0.147
2024-07-08 10:42:51,1447.5213085516655,FCI GILMER,60.0,60.0,0.0,15.436241610738255,1,0,0,1,0.147
2024-07-09 10:42:51,1445.2941898188508,FCI GILMER,60.0,60.0,0.0,15.436241610738255,1,0,0,1,0.144
2024-07-10 10:42:51,1443.464818955311,FCI GILMER,60.0,60.0,0.0,15.436241610738255,1,0,0,1,0.142
2024-07-11 10:42:51,1438.0750418175935,FCI GILMER,60.0,60.0,0.0,15.436241610738255,1,0,0,1,0.142
2024-07-05 10:43:08,1348.8479220407671,FCI GREENVILLE,79.2,66.1,0.12,8.724832214765101,0,1,0,0,0.073
2024-07-06 10:43:08,1344.9201620655126,FCI GREENVILLE,60.0,60.0,0.0,8.724832214765101,0,1,0,0,0.165
2024-07-07 10:43:08,1348.7858866011884,FCI GREENVILLE,60.0,60.0,0.0,8.724832214765101,0,1,0,0,0.165
2024-07-08 10:43:08,1347.5850666501506,FCI GREENVILLE,60.0,60.0,0.0,8.724832214765101,0,1,0,0,0.167
2024-07-09 10:43:08,1345.760896016316,FCI GREENVILLE,60.0,60.0,0.0,8.724832214765101,0,1,0,0,0.166
2024-07-10 10:43:08,1347.3854607830208,FCI GREENVILLE,60.0,60.0,0.0,8.724832214765101,0,1,0,0,0.167
2024-07-11 10:43:08,1347.0277549966197,FCI GREENVILLE,60.0,60.0,0.0,8.724832214765101,0,1,0,0,0.167
2024-07-05 10:43:24,1094.0526898602836,MDC GUAYNABO,86.0,75.4,5.21,48.322147651006716,0,1,0,1,0.292
2024-07-06 10:43:24,1094.3245681428152,MDC GUAYNABO,60.0,60.0,0.0,48.322147651006716,0,1,0,1,0.456
2024-07-07 10:43:24,1088.7290974016378,MDC GUAYNABO,60.0,60.0,0.0,48.322147651006716,0,1,0,1,0.457
2024-07-08 10:43:24,1095.887336742723,MDC GUAYNABO,60.0,60.0,0.0,48.322147651006716,0,1,0,1,0.46
2024-07-09 10:43:24,1094.60298712252,MDC GUAYNABO,60.0,60.0,0.0,48.322147651006716,0,1,0,1,0.456
2024-07-10 10:43:24,1096.4503391651958,MDC GUAYNABO,60.0,60.0,0.0,48.322147651006716,0,1,0,1,0.46
2024-07-11 10:43:24,1096.0612171635557,MDC GUAYNABO,60.0,60.0,0.0,48.322147651006716,0,1,0,1,0.46
2024-07-05 10:43:42,2122.31826292936,FCI HAZELTON,87.4,65.4,3.23,18.79194630872483,0,1,0,1,0.2
2024-07-06 10:43:42,2125.859874907678,FCI HAZELTON,60.0,60.0,0.0,18.79194630872483,0,1,0,1,0.29
2024-07-07 10:43:42,2120.6823460674777,FCI HAZELTON,60.0,60.0,0.0,18.79194630872483,0,1,0,1,0.29
2024-07-08 10:43:42,2123.7713179057296,FCI HAZELTON,60.0,60.0,0.0,18.79194630872483,0,1,0,1,0.29
2024-07-09 10:43:42,2123.5115458327887,FCI HAZELTON,60.0,60.0,0.0,18.79194630872483,0,1,0,1,0.29
2024-07-10 10:43:42,2125.751505665476,FCI HAZELTON,60.0,60.0,0.0,18.79194630872483,0,1,0,1,0.29
2024-07-11 10:43:42,2124.85850698112,FCI HAZELTON,60.0,60.0,0.0,18.79194630872483,0,1,0,1,0.29
2024-07-05 10:43:58,1429.3673069240758,USP HAZELTON,87.4,65.4,3.23,19.463087248322147,1,0,0,1,0.086
2024-07-06 10:43:58,1436.5421323869518,USP HAZELTON,60.0,60.0,0.0,19.463087248322147,1,0,0,1,0.158
2024-07-07 10:43:58,1434.4526155546744,USP HAZELTON,60.0,60.0,0.0,19.463087248322147,1,0,0,1,0.158
2024-07-08 10:43:58,1436.7848660037896,USP HAZELTON,60.0,60.0,0.0,19.463087248322147,1,0,0,1,0.158
2024-07-09 10:43:58,1438.860211679259,USP HAZELTON,60.0,60.0,0.0,19.463087248322147,1,0,0,1,0.159
2024-07-10 10:43:58,1436.8420966436565,USP HAZELTON,60.0,60.0,0.0,19.463087248322147,1,0,0,1,0.158
2024-07-11 10:43:58,1440.2527045270836,USP HAZELTON,60.0,60.0,0.0,19.463087248322147,1,0,0,1,0.159
2024-07-05 10:44:15,1377.3049816211812,FCI HERLONG,99.1,59.3,0.0,17.449664429530202,1,0,0,0,0.112
2024-07-06 10:44:15,1377.6247053835805,FCI HERLONG,60.0,60.0,0.0,17.449664429530202,1,0,0,0,0.229
2024-07-07 10:44:15,1369.9203174143042,FCI HERLONG,60.0,60.0,0.0,17.449664429530202,1,0,0,0,0.238
2024-07-08 10:44:15,1377.1204194818843,FCI HERLONG,60.0,60.0,0.0,17.449664429530202,1,0,0,0,0.231
2024-07-09 10:44:15,1376.134708670772,FCI HERLONG,60.0,60.0,0.0,17.449664429530202,1,0,0,0,0.23
2024-07-10 10:44:15,1375.4899027880144,FCI HERLONG,60.0,60.0,0.0,17.449664429530202,1,0,0,0,0.23
2024-07-11 10:44:15,1376.0716543966587,FCI HERLONG,60.0,60.0,0.0,17.449664429530202,1,0,0,0,0.23
2024-07-05 10:44:31,245.36567374668607,FDC HONOLULU,78.9,75.0,0.43,0.0,0,1,0,0,0.0
2024-07-06 10:44:31,252.00895386333804,FDC HONOLULU,60.0,60.0,0.0,0.0,0,1,0,0,0.015
2024-07-07 10:44:31,248.04109410442837,FDC HONOLULU,60.0,60.0,0.0,0.0,0,1,0,0,0.015
2024-07-08 10:44:31,251.81297637060084,FDC HONOLULU,60.0,60.0,0.0,0.0,0,1,0,0,0.015
2024-07-09 10:44:31,251.69720754583972,FDC HONOLULU,60.0,60.0,0.0,0.0,0,1,0,0,0.015
2024-07-10 10:44:31,245.45725744214351,FDC HONOLULU,60.0,60.0,0.0,0.0,0,1,0,0,0.015
2024-07-11 10:44:31,242.70477104074567,FDC HONOLULU,60.0,60.0,0.0,0.0,0,1,0,0,0.015
2024-07-05 10:44:50,783.7145560810899,FDC HOUSTON,97.0,79.5,4.24,0.0,0,1,1,0,0.001
2024-07-06 10:44:50,776.3734500120377,FDC HOUSTON,60.0,60.0,0.0,0.0,0,1,1,0,0.001
2024-07-07 10:44:50,783.9227774781592,FDC HOUSTON,60.0,60.0,0.0,0.0,0,1,1,0,0.001
2024-07-08 10:44:50,780.406921475,FDC HOUSTON,60.0,60.0,0.0,0.0,0,1,1,0,0.002
2024-07-09 10:44:50,781.1184677764506,FDC HOUSTON,60.0,60.0,0.0,0.0,0,1,1,0,0.001
2024-07-10 10:44:50,787.1248310308315,FDC HOUSTON,60.0,60.0,0.0,0.0,0,1,1,0,0.001
2024-07-11 10:44:50,783.1340006870967,FDC HOUSTON,60.0,60.0,0.0,0.0,0,1,1,0,0.001
2024-07-05 10:45:07,1696.826475811434,FCI JESUP,98.6,74.2,2.94,14.000000000000002,1,0,1,0,0.043
2024-07-06 10:45:07,1695.777733380883,FCI JESUP,60.0,60.0,0.0,14.000000000000002,1,0,1,0,0.172
2024-07-07 10:45:07,1697.745513244438,FCI JESUP,60.0,60.0,0.0,14.000000000000002,1,0,1,0,0.169
2024-07-08 10:45:07,1695.5258025807339,FCI JESUP,60.0,60.0,0.0,14.000000000000002,1,0,1,0,0.172
2024-07-09 10:45:07,1696.8366761891439,FCI JESUP,60.0,60.0,0.0,14.000000000000002,1,0,1,0,0.172
2024-07-10 10:45:07,1699.7450193086395,FCI JESUP,60.0,60.0,0.0,14.000000000000002,1,0,1,0,0.169
2024-07-11 10:45:07,1697.6912404419525,FCI JESUP,60.0,60.0,0.0,14.000000000000002,1,0,1,0,0.169
2024-07-05 10:45:28,781.6658850693243,FCI LA TUNA,95.3,77.7,0.1,0.0,1,0,1,0,0.001
2024-07-06 10:45:28,775.9457659451347,FCI LA TUNA,60.0,60.0,0.0,0.0,1,0,1,0,0.002
2024-07-07 10:45:28,786.488417772847,FCI LA TUNA,60.0,60.0,0.0,0.0,1,0,1,0,0.002
2024-07-08 10:45:28,785.1198802596938,FCI LA TUNA,60.0,60.0,0.0,0.0,1,0,1,0,0.002
2024-07-09 10:45:28,789.9473655431805,FCI LA TUNA,60.0,60.0,0.0,0.0,1,0,1,0,0.002
2024-07-10 10:45:28,791.559635549059,FCI LA TUNA,60.0,60.0,0.0,0.0,1,0,1,0,0.002
2024-07-11 10:45:28,796.6333724706117,FCI LA TUNA,60.0,60.0,0.0,0.0,1,0,1,0,0.002
2024-07-05 10:45:45,1591.5394797487454,FCI LEAVENWORTH,80.6,58.7,0.03,2.272727272727273,1,0,0,1,0.016
2024-07-06 10:45:45,1591.0509338789202,FCI LEAVENWORTH,60.0,60.0,0.0,2.272727272727273,1,0,0,1,0.025
2024-07-07 10:45:45,1589.4714173466225,FCI LEAVENWORTH,60.0,60.0,0.0,2.272727272727273,1,0,0,1,0.017
2024-07-08 10:45:45,1604.2759388173888,FCI LEAVENWORTH,60.0,60.0,0.0,2.272727272727273,1,0,0,1,0.013
2024-07-09 10:45:45,1597.5610866549596,FCI LEAVENWORTH,60.0,60.0,0.0,2.272727272727273,1,0,0,1,0.013
2024-07-10 10:45:45,1613.7986630202977,FCI LEAVENWORTH,60.0,60.0,0.0,2.272727272727273,1,0,0,1,0.012
2024-07-11 10:45:45,1593.6934434589102,FCI LEAVENWORTH,60.0,60.0,0.0,2.272727272727273,1,0,0,1,0.021
2024-07-05 10:46:03,1369.5132356690856,USP LEE,79.4,67.1,13.14,13.422818791946309,1,0,1,0,0.237
2024-07-06 10:46:03,1372.9510518911602,USP LEE,60.0,60.0,0.0,13.422818791946309,1,0,1,0,0.275
2024-07-07 10:46:03,1372.0176323670219,USP LEE,60.0,60.0,0.0,13.422818791946309,1,0,1,0,0.278
2024-07-08 10:46:03,1371.1206852407881,USP LEE,60.0,60.0,0.0,13.422818791946309,1,0,1,0,0.284
2024-07-09 10:46:03,1370.1501863899855,USP LEE,60.0,60.0,0.0,13.422818791946309,1,0,1,0,0.286
2024-07-10 10:46:03,1369.818051044438,USP LEE,60.0,60.0,0.0,13.422818791946309,1,0,1,0,0.286
2024-07-11 10:46:03,1371.8389547381817,USP LEE,60.0,60.0,0.0,13.422818791946309,1,0,1,0,0.278
2024-07-05 10:46:19,1148.3709727650578,FCI LEWISBURG,84.1,67.1,11.16,25.0,1,0,1,0,0.35
2024-07-06 10:46:19,1110.663873769018,FCI LEWISBURG,60.0,60.0,0.0,25.0,1,0,1,0,0.326
2024-07-07 10:46:19,1157.8389780692594,FCI LEWISBURG,60.0,60.0,0.0,25.0,1,0,1,0,0.352
2024-07-08 10:46:19,1141.2511412106928,FCI LEWISBURG,60.0,60.0,0.0,25.0,1,0,1,0,0.409
2024-07-09 10:46:19,1126.7776812229808,FCI LEWISBURG,60.0,60.0,0.0,25.0,1,0,1,0,0.407
2024-07-10 10:46:19,1139.6837097847454,FCI LEWISBURG,60.0,60.0,0.0,25.0,1,0,1,0,0.408
2024-07-11 10:46:19,1133.7772922949061,FCI LEWISBURG,60.0,60.0,0.0,25.0,1,0,1,0,0.408
2024-07-05 10:46:41,1297.897497889098,FMC LEXINGTON,85.2,66.7,3.77,2.013422818791946,0,1,0,1,0.044
2024-07-06 10:46:41,1296.1541869871219,FMC LEXINGTON,60.0,60.0,0.0,2.013422818791946,0,1,0,1,0.012
2024-07-07 10:46:41,1295.6168212198827,FMC LEXINGTON,60.0,60.0,0.0,2.013422818791946,0,1,0,1,0.01
2024-07-08 10:46:41,1295.8477587877937,FMC LEXINGTON,60.0,60.0,0.0,2.013422818791946,0,1,0,1,0.01
2024-07-09 10:46:41,1296.311531117911,FMC LEXINGTON,60.0,60.0,0.0,2.013422818791946,0,1,0,1,0.012
2024-07-10 10:46:41,1297.9964471027558,FMC LEXINGTON,60.0,60.0,0.0,2.013422818791946,0,1,0,1,0.012
2024-07-11 10:46:41,1298.545572498169,FMC LEXINGTON,60.0,60.0,0.0,2.013422818791946,0,1,0,1,0.012
2024-07-05 10:46:57,842.0441441927301,FCI LOMPOC I,91.7,58.1,0.0,0.0,1,0,0,0,0.004
2024-07-06 10:46:57,842.307439402882,FCI LOMPOC I,60.0,60.0,0.0,0.0,1,0,0,0,0.002
2024-07-07 10:46:57,839.9849314217737,FCI LOMPOC I,60.0,60.0,0.0,0.0,1,0,0,0,0.002
2024-07-08 10:46:57,844.3098503180049,FCI LOMPOC I,60.0,60.0,0.0,0.0,1,0,0,0,0.002
2024-07-09 10:46:57,842.9740217666057,FCI LOMPOC I,60.0,60.0,0.0,0.0,1,0,0,0,0.002
2024-07-10 10:46:57,845.7517786222827,FCI LOMPOC I,60.0,60.0,0.0,0.0,1,0,0,0,0.002
2024-07-11 10:46:57,841.8476119963977,FCI LOMPOC I,60.0,60.0,0.0,0.0,1,0,0,0,0.002
2024-07-05 10:47:16,2081.840190660021,FCI LOMPOC II,91.7,58.1,0.0,4.545454545454546,1,0,0,0,0.24
2024-07-06 10:47:16,2083.090698864387,FCI LOMPOC II,60.0,60.0,0.0,4.545454545454546,1,0,0,0,0.205
2024-07-07 10:47:16,2081.404674353955,FCI LOMPOC II,60.0,60.0,0.0,4.545454545454546,1,0,0,0,0.205
2024-07-08 10:47:16,2084.8741383189363,FCI LOMPOC II,60.0,60.0,0.0,4.545454545454546,1,0,0,0,0.205
2024-07-09 10:47:16,2084.1809712739196,FCI LOMPOC II,60.0,60.0,0.0,4.545454545454546,1,0,0,0,0.205
2024-07-10 10:47:16,2088.0760573109505,FCI LOMPOC II,60.0,60.0,0.0,4.545454545454546,1,0,0,0,0.205
2024-07-11 10:47:16,2082.6615917136587,FCI LOMPOC II,60.0,60.0,0.0,4.545454545454546,1,0,0,0,0.205
2024-07-05 10:47:32,824.0504782686951,FCI LORETTO,84.1,65.9,4.94,0.0,1,0,1,0,0.012
2024-07-06 10:47:32,826.2608729083568,FCI LORETTO,60.0,60.0,0.0,0.0,1,0,1,0,0.007
2024-07-07 10:47:32,825.0373479352405,FCI LORETTO,60.0,60.0,0.0,0.0,1,0,1,0,0.007
2024-07-08 10:47:32,825.9765363086937,FCI LORETTO,60.0,60.0,0.0,0.0,1,0,1,0,0.007
2024-07-09 10:47:32,825.1599553232911,FCI LORETTO,60.0,60.0,0.0,0.0,1,0,1,0,0.007
2024-07-10 10:47:32,823.4629596261601,FCI LORETTO,60.0,60.0,0.0,0.0,1,0,1,0,0.012
2024-07-11 10:47:32,824.8560931258517,FCI LORETTO,60.0,60.0,0.0,0.0,1,0,1,0,0.007
2024-07-05 10:47:52,600.0711296429671,MDC LOS ANGELES,93.1,73.9,0.0,0.0,0,1,0,0,0.001
2024-07-06 10:47:52,597.9171826161166,MDC LOS ANGELES,60.0,60.0,0.0,0.0,0,1,0,0,0.0
2024-07-07 10:47:52,597.8248081389512,MDC LOS ANGELES,60.0,60.0,0.0,0.0,0,1,0,0,0.0
2024-07-08 10:47:52,598.8524507836363,MDC LOS ANGELES,60.0,60.0,0.0,0.0,0,1,0,0,0.0
2024-07-09 10:47:52,599.4143143070762,MDC LOS ANGELES,60.0,60.0,0.0,0.0,0,1,0,0,0.0
2024-07-10 10:47:52,600.4865234127592,MDC LOS ANGELES,60.0,60.0,0.0,0.0,0,1,0,0,0.0
2024-07-11 10:47:52,598.38533089407,MDC LOS ANGELES,60.0,60.0,0.0,0.0,0,1,0,0,0.0
2024-07-05 10:48:07,1060.246781772126,FCI MANCHESTER,83.8,66.2,16.12,8.724832214765101,1,0,0,1,0.206
2024-07-06 10:48:07,1058.971397398339,FCI MANCHESTER,60.0,60.0,0.0,8.724832214765101,1,0,0,1,0.181
2024-07-07 10:48:07,1062.2259593243657,FCI MANCHESTER,60.0,60.0,0.0,8.724832214765101,1,0,0,1,0.279
2024-07-08 10:48:07,1060.769802496486,FCI MANCHESTER,60.0,60.0,0.0,8.724832214765101,1,0,0,1,0.279
2024-07-09 10:48:07,1061.834969347225,FCI MANCHESTER,60.0,60.0,0.0,8.724832214765101,1,0,0,1,0.275
2024-07-10 10:48:07,1064.1646703027254,FCI MANCHESTER,60.0,60.0,0.0,8.724832214765101,1,0,0,1,0.281
2024-07-11 10:48:07,1065.420099598575,FCI MANCHESTER,60.0,60.0,0.0,8.724832214765101,1,0,0,1,0.279
2024-07-05 10:48:26,1271.7142440408322,FCI MARIANNA,96.5,77.6,0.0,0.6711409395973155,0,1,1,0,0.066
2024-07-06 10:48:26,1272.18285678138,FCI MARIANNA,60.0,60.0,0.0,0.6711409395973155,0,1,1,0,0.018
2024-07-07 10:48:26,1272.655544013442,FCI MARIANNA,60.0,60.0,0.0,0.6711409395973155,0,1,1,0,0.018
2024-07-08 10:48:26,1274.509100611843,FCI MARIANNA,60.0,60.0,0.0,0.6711409395973155,0,1,1,0,0.018
2024-07-09 10:48:26,1275.508930462399,FCI MARIANNA,60.0,60.0,0.0,0.6711409395973155,0,1,1,0,0.018
2024-07-10 10:48:26,1275.6316409081555,FCI MARIANNA,60.0,60.0,0.0,0.6711409395973155,0,1,1,0,0.018
2024-07-11 10:48:26,1276.8757676534299,FCI MARIANNA,60.0,60.0,0.0,0.6711409395973155,0,1,1,0,0.018
2024-07-05 10:48:42,1310.2922547373676,FCI MARION,82.0,67.0,0.08,0.0,1,0,0,0,0.003
2024-07-06 10:48:42,1310.8076992265396,FCI MARION,60.0,60.0,0.0,0.0,1,0,0,0,0.004
2024-07-07 10:48:42,1314.131204172108,FCI MARION,60.0,60.0,0.0,0.0,1,0,0,0,0.004
2024-07-08 10:48:42,1308.0446267538682,FCI MARION,60.0,60.0,0.0,0.0,1,0,0,0,0.004
2024-07-09 10:48:42,1309.49747848863,FCI MARION,60.0,60.0,0.0,0.0,1,0,0,0,0.004
2024-07-10 10:48:42,1308.1105079700383,FCI MARION,60.0,60.0,0.0,0.0,1,0,0,0,0.004
2024-07-11 10:48:42,1306.1933388524703,FCI MARION,60.0,60.0,0.0,0.0,1,0,0,0,0.004
2024-07-05 10:49:01,1524.7435650367727,USP MCCREARY,81.5,70.2,19.9,20.13422818791946,1,0,0,1,0.195
2024-07-06 10:49:01,1524.6551809075718,USP MCCREARY,60.0,60.0,0.0,20.13422818791946,1,0,0,1,0.18433333333333332
2024-07-07 10:49:01,1523.6785061299806,USP MCCREARY,60.0,60.0,0.0,20.13422818791946,1,0,0,1,0.18433333333333332
2024-07-08 10:49:01,1523.9288930029945,USP MCCREARY,60.0,60.0,0.0,20.13422818791946,1,0,0,1,0.18433333333333332
2024-07-09 10:49:01,1525.1871052416714,USP MCCREARY,60.0,60.0,0.0,20.13422818791946,1,0,0,1,0.18433333333333332
2024-07-10 10:49:01,1522.3267408974552,USP MCCREARY,60.0,60.0,0.0,20.13422818791946,1,0,0,1,0.18433333333333332
2024-07-11 10:49:01,1525.04637548942,USP MCCREARY,60.0,60.0,0.0,20.13422818791946,1,0,0,1,0.18433333333333332
2024-07-05 10:49:17,1613.8137575858188,FCI MCDOWELL,81.3,65.2,10.22,11.409395973154362,1,0,0,1,0.236
2024-07-06 10:49:17,1612.7435313436638,FCI MCDOWELL,60.0,60.0,0.0,11.409395973154362,1,0,0,1,0.136
2024-07-07 10:49:17,1616.2584656939666,FCI MCDOWELL,60.0,60.0,0.0,11.409395973154362,1,0,0,1,0.138
2024-07-08 10:49:17,1613.056686917614,FCI MCDOWELL,60.0,60.0,0.0,11.409395973154362,1,0,0,1,0.136
2024-07-09 10:49:17,1613.4287185072758,FCI MCDOWELL,60.0,60.0,0.0,11.409395973154362,1,0,0,1,0.135
2024-07-10 10:49:17,1612.6331967622127,FCI MCDOWELL,60.0,60.0,0.0,11.409395973154362,1,0,0,1,0.136
2024-07-11 10:49:17,1616.2572633623,FCI MCDOWELL,60.0,60.0,0.0,11.409395973154362,1,0,0,1,0.138
2024-07-05 10:49:36,1138.49527475919,FCI MCKEAN,80.9,65.3,8.99,24.666666666666668,1,0,1,0,0.425
2024-07-06 10:49:36,1140.2865821266973,FCI MCKEAN,60.0,60.0,0.0,24.666666666666668,1,0,1,0,0.408
2024-07-07 10:49:36,1134.9446788751245,FCI MCKEAN,60.0,60.0,0.0,24.666666666666668,1,0,1,0,0.408
2024-07-08 10:49:36,1141.3326623927933,FCI MCKEAN,60.0,60.0,0.0,24.666666666666668,1,0,1,0,0.409
2024-07-09 10:49:36,1140.1091149310184,FCI MCKEAN,60.0,60.0,0.0,24.666666666666668,1,0,1,0,0.408
2024-07-10 10:49:36,1138.1051466021322,FCI MCKEAN,60.0,60.0,0.0,24.666666666666668,1,0,1,0,0.408
2024-07-11 10:49:36,1137.4539890662682,FCI MCKEAN,60.0,60.0,0.0,24.666666666666668,1,0,1,0,0.406
2024-07-05 10:49:51,1128.495767696907,FCI MEMPHIS,87.2,73.2,10.45,18.79194630872483,1,0,0,1,0.121
2024-07-06 10:49:51,1128.193326352272,FCI MEMPHIS,60.0,60.0,0.0,18.79194630872483,1,0,0,1,0.128
2024-07-07 10:49:51,1129.5842698966053,FCI MEMPHIS,60.0,60.0,0.0,18.79194630872483,1,0,0,1,0.128
2024-07-08 10:49:51,1129.0327236209653,FCI MEMPHIS,60.0,60.0,0.0,18.79194630872483,1,0,0,1,0.128
2024-07-09 10:49:51,1130.4880851844362,FCI MEMPHIS,60.0,60.0,0.0,18.79194630872483,1,0,0,1,0.128
2024-07-10 10:49:51,1130.6018693701392,FCI MEMPHIS,60.0,60.0,0.0,18.79194630872483,1,0,0,1,0.128
2024-07-11 10:49:51,1131.5322729110744,FCI MEMPHIS,60.0,60.0,0.0,18.79194630872483,1,0,0,1,0.128
2024-07-05 10:50:10,860.083296183828,FCI MENDOTA,116.2,73.5,0.0,60.810810810810814,1,0,0,0,0.176
2024-07-06 10:50:10,857.1580346094131,FCI MENDOTA,60.0,60.0,0.0,60.810810810810814,1,0,0,0,0.226
2024-07-07 10:50:10,856.7983600830809,FCI MENDOTA,60.0,60.0,0.0,60.810810810810814,1,0,0,0,0.226
2024-07-08 10:50:10,855.8644631154799,FCI MENDOTA,60.0,60.0,0.0,60.810810810810814,1,0,0,0,0.226
2024-07-09 10:50:10,855.3384872585888,FCI MENDOTA,60.0,60.0,0.0,60.810810810810814,1,0,0,0,0.226
2024-07-10 10:50:10,857.2553090088136,FCI MENDOTA,60.0,60.0,0.0,60.810810810810814,1,0,0,0,0.226
2024-07-11 10:50:10,852.0159884942177,FCI MENDOTA,60.0,60.0,0.0,60.810810810810814,1,0,0,0,0.226
2024-07-05 10:50:26,1031.4034681442408,FCI MIAMI,93.1,81.3,4.8,0.0,1,0,1,0,0.021
2024-07-06 10:50:26,1028.2184502257996,FCI MIAMI,60.0,60.0,0.0,0.0,1,0,1,0,0.011
2024-07-07 10:50:26,1029.3091703775588,FCI MIAMI,60.0,60.0,0.0,0.0,1,0,1,0,0.043
2024-07-08 10:50:26,1029.3684752872985,FCI MIAMI,60.0,60.0,0.0,0.0,1,0,1,0,0.043
2024-07-09 10:50:26,1029.5485982067742,FCI MIAMI,60.0,60.0,0.0,0.0,1,0,1,0,0.029
2024-07-10 10:50:26,1028.873976448776,FCI MIAMI,60.0,60.0,0.0,0.0,1,0,1,0,0.043
2024-07-11 10:50:26,1027.4619243600864,FCI MIAMI,60.0,60.0,0.0,0.0,1,0,1,0,0.004
2024-07-05 10:50:46,945.4059949234253,FDC MIAMI,88.4,83.2,2.03,0.6711409395973155,0,1,1,0,0.001
2024-07-06 10:50:46,941.4862744145738,FDC MIAMI,60.0,60.0,0.0,0.6711409395973155,0,1,1,0,0.004
2024-07-07 10:50:46,961.4532371953961,FDC MIAMI,60.0,60.0,0.0,0.6711409395973155,0,1,1,0,0.013
2024-07-08 10:50:46,941.0259356636466,FDC MIAMI,60.0,60.0,0.0,0.6711409395973155,0,1,1,0,0.004
2024-07-09 10:50:46,944.0480738939405,FDC MIAMI,60.0,60.0,0.0,0.6711409395973155,0,1,1,0,0.004
2024-07-10 10:50:46,951.9513204961689,FDC MIAMI,60.0,60.0,0.0,0.6711409395973155,0,1,1,0,0.005
2024-07-11 10:50:46,949.1065709560872,FDC MIAMI,60.0,60.0,0.0,0.6711409395973155,0,1,1,0,0.015
2024-07-05 10:51:01,1586.6536262675588,FCI MILAN,82.5,63.9,2.5,4.697986577181208,1,0,1,0,0.06
2024-07-06 10:51:01,1583.6308781803255,FCI MILAN,60.0,60.0,0.0,4.697986577181208,1,0,1,0,0.072
2024-07-07 10:51:01,1586.407067485787,FCI MILAN,60.0,60.0,0.0,4.697986577181208,1,0,1,0,0.083
2024-07-08 10:51:01,1585.4759290025827,FCI MILAN,60.0,60.0,0.0,4.697986577181208,1,0,1,0,0.083
2024-07-09 10:51:01,1585.6575250696494,FCI MILAN,60.0,60.0,0.0,4.697986577181208,1,0,1,0,0.083
2024-07-10 10:51:01,1584.682866004187,FCI MILAN,60.0,60.0,0.0,4.697986577181208,1,0,1,0,0.08
2024-07-11 10:51:01,1584.7637452699037,FCI MILAN,60.0,60.0,0.0,4.697986577181208,1,0,1,0,0.081
2024-07-05 10:51:18,741.6193169343178,FPC MONTGOMERY,96.6,75.0,5.07,0.0,1,0,0,1,0.008
2024-07-06 10:51:18,740.2230876233664,FPC MONTGOMERY,60.0,60.0,0.0,0.0,1,0,0,1,0.001
2024-07-07 10:51:18,740.3917100041184,FPC MONTGOMERY,60.0,60.0,0.0,0.0,1,0,0,1,0.001
2024-07-08 10:51:18,741.5368396614489,FPC MONTGOMERY,60.0,60.0,0.0,0.0,1,0,0,1,0.001
2024-07-09 10:51:18,741.2587656079255,FPC MONTGOMERY,60.0,60.0,0.0,0.0,1,0,0,1,0.001
2024-07-10 10:51:18,737.7677163981779,FPC MONTGOMERY,60.0,60.0,0.0,0.0,1,0,0,1,0.001
2024-07-11 10:51:18,738.1785775503678,FPC MONTGOMERY,60.0,60.0,0.0,0.0,1,0,0,1,0.001
2024-07-05 10:51:33,395.89736309183365,FPC MORGANTOWN,90.6,66.5,2.29,0.0,1,0,0,1,0.0
2024-07-06 10:51:33,396.26269145106323,FPC MORGANTOWN,60.0,60.0,0.0,0.0,1,0,0,1,0.0
2024-07-07 10:51:33,396.25066994445757,FPC MORGANTOWN,60.0,60.0,0.0,0.0,1,0,0,1,0.0
2024-07-08 10:51:33,395.963937315476,FPC MORGANTOWN,60.0,60.0,0.0,0.0,1,0,0,1,0.0
2024-07-09 10:51:33,396.62998856610994,FPC MORGANTOWN,60.0,60.0,0.0,0.0,1,0,0,1,0.0
2024-07-10 10:51:33,396.4322399602312,FPC MORGANTOWN,60.0,60.0,0.0,0.0,1,0,0,1,0.0
2024-07-11 10:51:33,396.9044200801375,FPC MORGANTOWN,60.0,60.0,0.0,0.0,1,0,0,1,0.0
2024-07-05 10:51:50,0.0,MCC NEW YORK,83.8,73.1,11.99,100.0,1,0,0,0,0.832
2024-07-06 10:51:50,0.0,MCC NEW YORK,60.0,60.0,0.0,100.0,1,0,0,0,0.986
2024-07-07 10:51:50,0.0,MCC NEW YORK,60.0,60.0,0.0,100.0,1,0,0,0,0.986
2024-07-08 10:51:50,0.0,MCC NEW YORK,60.0,60.0,0.0,100.0,1,0,0,0,0.986
2024-07-09 10:51:50,0.0,MCC NEW YORK,60.0,60.0,0.0,100.0,1,0,0,0,0.986
2024-07-10 10:51:50,0.0,MCC NEW YORK,60.0,60.0,0.0,100.0,1,0,0,0,0.986
2024-07-11 10:51:50,0.0,MCC NEW YORK,60.0,60.0,0.0,100.0,1,0,0,0,0.986
2024-07-05 10:52:06,1150.6639427549671,FCI OAKDALE II,97.4,74.9,16.69,0.0,1,0,0,1,0.016
2024-07-06 10:52:06,1151.9340190301737,FCI OAKDALE II,60.0,60.0,0.0,0.0,1,0,0,1,0.004
2024-07-07 10:52:06,1153.2023116855607,FCI OAKDALE II,60.0,60.0,0.0,0.0,1,0,0,1,0.001
2024-07-08 10:52:06,1153.7633501735884,FCI OAKDALE II,60.0,60.0,0.0,0.0,1,0,0,1,0.001
2024-07-09 10:52:06,1154.073838845683,FCI OAKDALE II,60.0,60.0,0.0,0.0,1,0,0,1,0.001
2024-07-10 10:52:06,1152.4973491204678,FCI OAKDALE II,60.0,60.0,0.0,0.0,1,0,0,1,0.001
2024-07-11 10:52:06,1151.0865409388846,FCI OAKDALE II,60.0,60.0,0.0,0.0,1,0,0,1,0.004
2024-07-05 10:52:25,1011.6975487491212,FCI OAKDALE I,97.4,74.9,16.69,0.0,1,0,0,1,0.007
2024-07-06 10:52:25,1013.8252092013776,FCI OAKDALE I,60.0,60.0,0.0,0.0,1,0,0,1,0.009
2024-07-07 10:52:25,1015.3907332532041,FCI OAKDALE I,60.0,60.0,0.0,0.0,1,0,0,1,0.004
2024-07-08 10:52:25,1017.6990310018238,FCI OAKDALE I,60.0,60.0,0.0,0.0,1,0,0,1,0.002
2024-07-09 10:52:25,1019.1656497286382,FCI OAKDALE I,60.0,60.0,0.0,0.0,1,0,0,1,0.002
2024-07-10 10:52:25,1020.2377040896702,FCI OAKDALE I,60.0,60.0,0.0,0.0,1,0,0,1,0.002
2024-07-11 10:52:25,1021.1679406414269,FCI OAKDALE I,60.0,60.0,0.0,0.0,1,0,0,1,0.002
2024-07-05 10:52:40,1384.0277430501449,FTC OKLAHOMA CITY,90.0,69.3,1.28,0.0,0,1,0,1,0.067
2024-07-06 10:52:40,1352.5302442405564,FTC OKLAHOMA CITY,60.0,60.0,0.0,0.0,0,1,0,1,0.002
2024-07-07 10:52:40,1345.7782794620286,FTC OKLAHOMA CITY,60.0,60.0,0.0,0.0,0,1,0,1,0.007
2024-07-08 10:52:40,1371.5367448856966,FTC OKLAHOMA CITY,60.0,60.0,0.0,0.0,0,1,0,1,0.004
2024-07-09 10:52:40,1361.0510115206573,FTC OKLAHOMA CITY,60.0,60.0,0.0,0.0,0,1,0,1,0.003
2024-07-10 10:52:40,1394.8392139129917,FTC OKLAHOMA CITY,60.0,60.0,0.0,0.0,0,1,0,1,0.004
2024-07-11 10:52:40,1356.9360047262053,FTC OKLAHOMA CITY,60.0,60.0,0.0,0.0,0,1,0,1,0.004
2024-07-05 10:52:59,914.137298806931,FCI OTISVILLE,86.5,67.4,10.58,10.666666666666668,1,0,0,0,0.186
2024-07-06 10:52:59,914.001756845436,FCI OTISVILLE,60.0,60.0,0.0,10.666666666666668,1,0,0,0,0.189
2024-07-07 10:52:59,912.5273141482647,FCI OTISVILLE,60.0,60.0,0.0,10.666666666666668,1,0,0,0,0.19
2024-07-08 10:52:59,913.9194419151517,FCI OTISVILLE,60.0,60.0,0.0,10.666666666666668,1,0,0,0,0.189
2024-07-09 10:52:59,910.4860029977079,FCI OTISVILLE,60.0,60.0,0.0,10.666666666666668,1,0,0,0,0.194
2024-07-10 10:52:59,909.3567496202171,FCI OTISVILLE,60.0,60.0,0.0,10.666666666666668,1,0,0,0,0.194
2024-07-11 10:52:59,906.0306756353275,FCI OTISVILLE,60.0,60.0,0.0,10.666666666666668,1,0,0,0,0.194
2024-07-05 10:53:16,1152.309975755507,FCI OXFORD,65.6,59.2,25.55,2.0,1,0,1,0,0.005
2024-07-06 10:53:16,1157.595204140972,FCI OXFORD,60.0,60.0,0.0,2.0,1,0,1,0,0.002
2024-07-07 10:53:16,1156.4328833272843,FCI OXFORD,60.0,60.0,0.0,2.0,1,0,1,0,0.002
2024-07-08 10:53:16,1154.536023627949,FCI OXFORD,60.0,60.0,0.0,2.0,1,0,1,0,0.001
2024-07-09 10:53:16,1153.6153503888765,FCI OXFORD,60.0,60.0,0.0,2.0,1,0,1,0,0.001
2024-07-10 10:53:16,1150.8824295882237,FCI OXFORD,60.0,60.0,0.0,2.0,1,0,1,0,0.003
2024-07-11 10:53:16,1153.5706729458482,FCI OXFORD,60.0,60.0,0.0,2.0,1,0,1,0,0.001
2024-07-05 10:53:35,1348.6354638940534,FCI PEKIN,72.9,65.3,1.68,1.3333333333333335,0,1,0,0,0.011
2024-07-06 10:53:35,1351.6611558008717,FCI PEKIN,60.0,60.0,0.0,1.3333333333333335,0,1,0,0,0.012
2024-07-07 10:53:35,1351.263470289298,FCI PEKIN,60.0,60.0,0.0,1.3333333333333335,0,1,0,0,0.012
2024-07-08 10:53:35,1352.9817276269932,FCI PEKIN,60.0,60.0,0.0,1.3333333333333335,0,1,0,0,0.012
2024-07-09 10:53:35,1353.0042182915008,FCI PEKIN,60.0,60.0,0.0,1.3333333333333335,0,1,0,0,0.012
2024-07-10 10:53:35,1351.7022419395473,FCI PEKIN,60.0,60.0,0.0,1.3333333333333335,0,1,0,0,0.012
2024-07-11 10:53:35,1354.1325272772601,FCI PEKIN,60.0,60.0,0.0,1.3333333333333335,0,1,0,0,0.013
2024-07-05 10:53:51,439.9965356476853,FPC PENSACOLA,94.4,79.3,0.05,0.0,1,0,1,0,0.0
2024-07-06 10:53:51,440.95713961789824,FPC PENSACOLA,60.0,60.0,0.0,0.0,1,0,1,0,0.001
2024-07-07 10:53:51,439.8265033903533,FPC PENSACOLA,60.0,60.0,0.0,0.0,1,0,1,0,0.001
2024-07-08 10:53:51,441.53841737830714,FPC PENSACOLA,60.0,60.0,0.0,0.0,1,0,1,0,0.001
2024-07-09 10:53:51,440.6868012129657,FPC PENSACOLA,60.0,60.0,0.0,0.0,1,0,1,0,0.001
2024-07-10 10:53:51,438.4623318458733,FPC PENSACOLA,60.0,60.0,0.0,0.0,1,0,1,0,0.001
2024-07-11 10:53:51,441.20351788491325,FPC PENSACOLA,60.0,60.0,0.0,0.0,1,0,1,0,0.001
2024-07-05 10:54:10,1616.6334543793553,FCI PETERSBURG MEDIUM,99.7,73.0,4.21,9.333333333333334,1,0,1,0,0.013
2024-07-06 10:54:10,1613.8796075564142,FCI PETERSBURG MEDIUM,60.0,60.0,0.0,9.333333333333334,1,0,1,0,0.181
2024-07-07 10:54:10,1619.509927908545,FCI PETERSBURG MEDIUM,60.0,60.0,0.0,9.333333333333334,1,0,1,0,0.183
2024-07-08 10:54:10,1611.0750515248876,FCI PETERSBURG MEDIUM,60.0,60.0,0.0,9.333333333333334,1,0,1,0,0.18
2024-07-09 10:54:10,1614.2561591415365,FCI PETERSBURG MEDIUM,60.0,60.0,0.0,9.333333333333334,1,0,1,0,0.181
2024-07-10 10:54:10,1619.2183327786295,FCI PETERSBURG MEDIUM,60.0,60.0,0.0,9.333333333333334,1,0,1,0,0.183
2024-07-11 10:54:10,1613.8836597938352,FCI PETERSBURG MEDIUM,60.0,60.0,0.0,9.333333333333334,1,0,1,0,0.181
2024-07-05 10:54:26,609.3336829469739,FCI PETERSBURG LOW,99.7,73.0,4.21,6.666666666666667,1,0,1,0,0.034
2024-07-06 10:54:26,609.7224777145767,FCI PETERSBURG LOW,60.0,60.0,0.0,6.666666666666667,1,0,1,0,0.111
2024-07-07 10:54:26,609.2404305007177,FCI PETERSBURG LOW,60.0,60.0,0.0,6.666666666666667,1,0,1,0,0.111
2024-07-08 10:54:26,609.448427185249,FCI PETERSBURG LOW,60.0,60.0,0.0,6.666666666666667,1,0,1,0,0.111
2024-07-09 10:54:26,609.1101381095574,FCI PETERSBURG LOW,60.0,60.0,0.0,6.666666666666667,1,0,1,0,0.111
2024-07-10 10:54:26,608.151490817823,FCI PETERSBURG LOW,60.0,60.0,0.0,6.666666666666667,1,0,1,0,0.111
2024-07-11 10:54:26,608.2076941348024,FCI PETERSBURG LOW,60.0,60.0,0.0,6.666666666666667,1,0,1,0,0.111
2024-07-05 10:54:45,892.4367293557259,FDC PHILADELPHIA,90.7,72.8,2.92,0.0,0,1,1,0,0.002
2024-07-06 10:54:45,891.9229244981124,FDC PHILADELPHIA,60.0,60.0,0.0,0.0,0,1,1,0,0.001
2024-07-07 10:54:45,902.9110191723331,FDC PHILADELPHIA,60.0,60.0,0.0,0.0,0,1,1,0,0.001
2024-07-08 10:54:45,896.3185146541053,FDC PHILADELPHIA,60.0,60.0,0.0,0.0,0,1,1,0,0.001
2024-07-09 10:54:45,900.5203531636733,FDC PHILADELPHIA,60.0,60.0,0.0,0.0,0,1,1,0,0.001
2024-07-10 10:54:45,896.2577647822224,FDC PHILADELPHIA,60.0,60.0,0.0,0.0,0,1,1,0,0.001
2024-07-11 10:54:45,892.249898747762,FDC PHILADELPHIA,60.0,60.0,0.0,0.0,0,1,1,0,0.001
2024-07-05 10:55:01,1158.135607456332,FCI PHOENIX,107.2,83.2,0.0,16.666666666666664,0,1,1,0,0.213
2024-07-06 10:55:01,1159.3579915688158,FCI PHOENIX,60.0,60.0,0.0,16.666666666666664,0,1,1,0,0.224
2024-07-07 10:55:01,1154.0694804266366,FCI PHOENIX,60.0,60.0,0.0,16.666666666666664,0,1,1,0,0.258
2024-07-08 10:55:01,1157.172381123979,FCI PHOENIX,60.0,60.0,0.0,16.666666666666664,0,1,1,0,0.224
2024-07-09 10:55:01,1155.9627028660884,FCI PHOENIX,60.0,60.0,0.0,16.666666666666664,0,1,1,0,0.256
2024-07-10 10:55:01,1151.336106155369,FCI PHOENIX,60.0,60.0,0.0,16.666666666666664,0,1,1,0,0.324
2024-07-11 10:55:01,1149.80455351784,FCI PHOENIX,60.0,60.0,0.0,16.666666666666664,0,1,1,0,0.312
2024-07-05 10:55:21,1781.2981901616179,FCI POLLOCK,97.1,75.9,15.05,8.666666666666668,1,0,0,1,0.139
2024-07-06 10:55:21,1787.921236740048,FCI POLLOCK,60.0,60.0,0.0,8.666666666666668,1,0,0,1,0.065
2024-07-07 10:55:21,1791.5024483991688,FCI POLLOCK,60.0,60.0,0.0,8.666666666666668,1,0,0,1,0.063
2024-07-08 10:55:21,1796.4023391771984,FCI POLLOCK,60.0,60.0,0.0,8.666666666666668,1,0,0,1,0.065
2024-07-09 10:55:21,1799.6085942126792,FCI POLLOCK,60.0,60.0,0.0,8.666666666666668,1,0,0,1,0.062
2024-07-10 10:55:21,1800.8491314096318,FCI POLLOCK,60.0,60.0,0.0,8.666666666666668,1,0,0,1,0.062
2024-07-11 10:55:21,1807.417996369975,FCI POLLOCK,60.0,60.0,0.0,8.666666666666668,1,0,0,1,0.064
2024-07-05 10:55:37,1039.7650304574395,USP POLLOCK,97.1,75.9,15.05,10.0,1,0,0,1,0.162
2024-07-06 10:55:37,1038.995207770108,USP POLLOCK,60.0,60.0,0.0,10.0,1,0,0,1,0.15
2024-07-07 10:55:37,1033.5895392867235,USP POLLOCK,60.0,60.0,0.0,10.0,1,0,0,1,0.15
2024-07-08 10:55:37,1037.233451161862,USP POLLOCK,60.0,60.0,0.0,10.0,1,0,0,1,0.149
2024-07-09 10:55:37,1032.384968775272,USP POLLOCK,60.0,60.0,0.0,10.0,1,0,0,1,0.154
2024-07-10 10:55:37,1030.301303274971,USP POLLOCK,60.0,60.0,0.0,10.0,1,0,0,1,0.182
2024-07-11 10:55:37,1027.6106092921218,USP POLLOCK,60.0,60.0,0.0,10.0,1,0,0,1,0.145
2024-07-05 10:55:58,778.342757672334,FCI RAY BROOK,75.1,60.2,5.59,19.333333333333332,1,0,0,0,0.321
2024-07-06 10:55:58,779.0033771974772,FCI RAY BROOK,60.0,60.0,0.0,19.333333333333332,1,0,0,0,0.224
2024-07-07 10:55:58,778.4253691423696,FCI RAY BROOK,60.0,60.0,0.0,19.333333333333332,1,0,0,0,0.224
2024-07-08 10:55:58,781.414959968138,FCI RAY BROOK,60.0,60.0,0.0,19.333333333333332,1,0,0,0,0.224
2024-07-09 10:55:58,781.7591897438607,FCI RAY BROOK,60.0,60.0,0.0,19.333333333333332,1,0,0,0,0.224
2024-07-10 10:55:58,784.6654086619544,FCI RAY BROOK,60.0,60.0,0.0,19.333333333333332,1,0,0,0,0.226
2024-07-11 10:55:58,785.408848061697,FCI RAY BROOK,60.0,60.0,0.0,19.333333333333332,1,0,0,0,0.226
2024-07-05 10:56:13,785.4712903698762,FMC ROCHESTER,65.4,56.9,1.94,0.0,1,0,0,0,0.002
2024-07-06 10:56:13,785.9929349028451,FMC ROCHESTER,60.0,60.0,0.0,0.0,1,0,0,0,0.0
2024-07-07 10:56:13,786.89826722873,FMC ROCHESTER,60.0,60.0,0.0,0.0,1,0,0,0,0.0
2024-07-08 10:56:13,786.9073317216166,FMC ROCHESTER,60.0,60.0,0.0,0.0,1,0,0,0,0.0
2024-07-09 10:56:13,788.2659319290598,FMC ROCHESTER,60.0,60.0,0.0,0.0,1,0,0,0,0.0
2024-07-10 10:56:13,789.6567923381587,FMC ROCHESTER,60.0,60.0,0.0,0.0,1,0,0,0,0.0
2024-07-11 10:56:13,789.376060517584,FMC ROCHESTER,60.0,60.0,0.0,0.0,1,0,0,0,0.0
2024-07-05 10:56:33,694.0051945517484,FCI SAFFORD,102.7,75.2,0.0,0.0,1,0,1,0,0.0
2024-07-06 10:56:33,688.6463538530757,FCI SAFFORD,60.0,60.0,0.0,0.0,1,0,1,0,0.014
2024-07-07 10:56:33,695.8446157980784,FCI SAFFORD,60.0,60.0,0.0,0.0,1,0,1,0,0.005
2024-07-08 10:56:33,692.5055508136778,FCI SAFFORD,60.0,60.0,0.0,0.0,1,0,1,0,0.005
2024-07-09 10:56:33,693.0908755003109,FCI SAFFORD,60.0,60.0,0.0,0.0,1,0,1,0,0.005
2024-07-10 10:56:33,696.2252544132344,FCI SAFFORD,60.0,60.0,0.0,0.0,1,0,1,0,0.005
2024-07-11 10:56:33,693.5957864884535,FCI SAFFORD,60.0,60.0,0.0,0.0,1,0,1,0,0.005
2024-07-05 10:56:48,757.6518170925583,MCC SAN DIEGO,78.9,68.8,0.0,0.0,0,1,0,0,0.012
2024-07-06 10:56:48,755.6744917072276,MCC SAN DIEGO,60.0,60.0,0.0,0.0,0,1,0,0,0.003
2024-07-07 10:56:48,749.0783257753401,MCC SAN DIEGO,60.0,60.0,0.0,0.0,0,1,0,0,0.002
2024-07-08 10:56:48,758.5908353979928,MCC SAN DIEGO,60.0,60.0,0.0,0.0,0,1,0,0,0.01
2024-07-09 10:56:48,760.2997117182202,MCC SAN DIEGO,60.0,60.0,0.0,0.0,0,1,0,0,0.019
2024-07-10 10:56:48,768.0601651448396,MCC SAN DIEGO,60.0,60.0,0.0,0.0,0,1,0,0,0.004
2024-07-11 10:56:48,765.5579906335088,MCC SAN DIEGO,60.0,60.0,0.0,0.0,0,1,0,0,0.005
2024-07-05 10:57:07,1176.235676899417,FCI SANDSTONE,72.9,56.6,4.12,7.333333333333333,1,0,0,0,0.081
2024-07-06 10:57:07,1177.972446873545,FCI SANDSTONE,60.0,60.0,0.0,7.333333333333333,1,0,0,0,0.196
2024-07-07 10:57:07,1177.2512552167593,FCI SANDSTONE,60.0,60.0,0.0,7.333333333333333,1,0,0,0,0.196
2024-07-08 10:57:07,1177.120726934161,FCI SANDSTONE,60.0,60.0,0.0,7.333333333333333,1,0,0,0,0.196
2024-07-09 10:57:07,1178.308347996732,FCI SANDSTONE,60.0,60.0,0.0,7.333333333333333,1,0,0,0,0.194
2024-07-10 10:57:07,1177.0852951352902,FCI SANDSTONE,60.0,60.0,0.0,7.333333333333333,1,0,0,0,0.196
2024-07-11 10:57:07,1175.0111000670588,FCI SANDSTONE,60.0,60.0,0.0,7.333333333333333,1,0,0,0,0.196
2024-07-05 10:57:23,1176.5340129505469,FCI SCHUYLKILL,82.8,66.7,11.9,25.333333333333336,1,0,1,0,0.341
2024-07-06 10:57:23,1170.360444639503,FCI SCHUYLKILL,60.0,60.0,0.0,25.333333333333336,1,0,1,0,0.327
2024-07-07 10:57:23,1172.8838876575965,FCI SCHUYLKILL,60.0,60.0,0.0,25.333333333333336,1,0,1,0,0.318
2024-07-08 10:57:23,1172.00365473615,FCI SCHUYLKILL,60.0,60.0,0.0,25.333333333333336,1,0,1,0,0.318
2024-07-09 10:57:23,1173.0814370783046,FCI SCHUYLKILL,60.0,60.0,0.0,25.333333333333336,1,0,1,0,0.318
2024-07-10 10:57:23,1174.5382859883603,FCI SCHUYLKILL,60.0,60.0,0.0,25.333333333333336,1,0,1,0,0.329
2024-07-11 10:57:23,1173.1664570609835,FCI SCHUYLKILL,60.0,60.0,0.0,25.333333333333336,1,0,1,0,0.318
2024-07-05 10:57:42,1754.1039739081702,FCI SEAGOVILLE,96.0,74.4,1.59,0.0,1,0,1,0,0.006
2024-07-06 10:57:42,1754.9317761818527,FCI SEAGOVILLE,60.0,60.0,0.0,0.0,1,0,1,0,0.005
2024-07-07 10:57:42,1755.3885190426086,FCI SEAGOVILLE,60.0,60.0,0.0,0.0,1,0,1,0,0.005
2024-07-08 10:57:42,1755.2568494722775,FCI SEAGOVILLE,60.0,60.0,0.0,0.0,1,0,1,0,0.005
2024-07-09 10:57:42,1756.4623186726196,FCI SEAGOVILLE,60.0,60.0,0.0,0.0,1,0,1,0,0.005
2024-07-10 10:57:42,1757.7515253233814,FCI SEAGOVILLE,60.0,60.0,0.0,0.0,1,0,1,0,0.005
2024-07-11 10:57:42,1757.2512500753644,FCI SEAGOVILLE,60.0,60.0,0.0,0.0,1,0,1,0,0.005
2024-07-05 10:57:58,741.0639825250888,FDC SEATAC,89.1,56.2,0.0,8.666666666666668,0,1,0,0,0.087
2024-07-06 10:57:58,746.9404511974165,FDC SEATAC,60.0,60.0,0.0,8.666666666666668,0,1,0,0,0.208
2024-07-07 10:57:58,751.2238528047707,FDC SEATAC,60.0,60.0,0.0,8.666666666666668,0,1,0,0,0.208
2024-07-08 10:57:58,746.0227863174638,FDC SEATAC,60.0,60.0,0.0,8.666666666666668,0,1,0,0,0.208
2024-07-09 10:57:58,743.7834428586303,FDC SEATAC,60.0,60.0,0.0,8.666666666666668,0,1,0,0,0.207
2024-07-10 10:57:58,736.2366098018922,FDC SEATAC,60.0,60.0,0.0,8.666666666666668,0,1,0,0,0.207
2024-07-11 10:57:58,742.6526743671076,FDC SEATAC,60.0,60.0,0.0,8.666666666666668,0,1,0,0,0.207
2024-07-05 10:58:16,1557.7342244637605,FCI SHERIDAN,97.9,55.6,0.0,3.3333333333333335,1,0,0,0,0.08
2024-07-06 10:58:16,1560.8819367484948,FCI SHERIDAN,60.0,60.0,0.0,3.3333333333333335,1,0,0,0,0.077
2024-07-07 10:58:16,1561.5532686191277,FCI SHERIDAN,60.0,60.0,0.0,3.3333333333333335,1,0,0,0,0.077
2024-07-08 10:58:16,1568.1886748057284,FCI SHERIDAN,60.0,60.0,0.0,3.3333333333333335,1,0,0,0,0.076
2024-07-09 10:58:16,1575.1858030500823,FCI SHERIDAN,60.0,60.0,0.0,3.3333333333333335,1,0,0,0,0.076
2024-07-10 10:58:16,1567.1614489021977,FCI SHERIDAN,60.0,60.0,0.0,3.3333333333333335,1,0,0,0,0.076
2024-07-11 10:58:16,1572.957004724191,FCI SHERIDAN,60.0,60.0,0.0,3.3333333333333335,1,0,0,0,0.076
2024-07-05 10:58:32,1104.5355497330995,MCFP SPRINGFIELD,79.7,63.0,0.1,0.0,1,0,0,1,0.025
2024-07-06 10:58:32,1105.602317559785,MCFP SPRINGFIELD,60.0,60.0,0.0,0.0,1,0,0,1,0.009
2024-07-07 10:58:32,1107.0450614612632,MCFP SPRINGFIELD,60.0,60.0,0.0,0.0,1,0,0,1,0.008
2024-07-08 10:58:32,1106.5484730982125,MCFP SPRINGFIELD,60.0,60.0,0.0,0.0,1,0,0,1,0.008
2024-07-09 10:58:32,1108.1552568899217,MCFP SPRINGFIELD,60.0,60.0,0.0,0.0,1,0,0,1,0.008
2024-07-10 10:58:32,1108.2028487166897,MCFP SPRINGFIELD,60.0,60.0,0.0,0.0,1,0,0,1,0.008
2024-07-11 10:58:32,1110.137051675486,MCFP SPRINGFIELD,60.0,60.0,0.0,0.0,1,0,0,1,0.008
2024-07-05 10:58:51,1163.869608129998,FCI TALLADEGA,95.4,74.2,10.34,0.6711409395973155,1,0,0,1,0.018
2024-07-06 10:58:51,1165.577365297374,FCI TALLADEGA,60.0,60.0,0.0,0.6711409395973155,1,0,0,1,0.003
2024-07-07 10:58:51,1164.3206185292356,FCI TALLADEGA,60.0,60.0,0.0,0.6711409395973155,1,0,0,1,0.003
2024-07-08 10:58:51,1165.3347038451516,FCI TALLADEGA,60.0,60.0,0.0,0.6711409395973155,1,0,0,1,0.003
2024-07-09 10:58:51,1164.3024742428129,FCI TALLADEGA,60.0,60.0,0.0,0.6711409395973155,1,0,0,1,0.003
2024-07-10 10:58:51,1166.1338489621342,FCI TALLADEGA,60.0,60.0,0.0,0.6711409395973155,1,0,0,1,0.003
2024-07-11 10:58:51,1164.4703156071885,FCI TALLADEGA,60.0,60.0,0.0,0.6711409395973155,1,0,0,1,0.003
2024-07-05 10:59:07,1163.7778080591693,FCI TALLAHASSEE,98.7,78.0,0.06,4.666666666666667,0,1,1,0,0.098
2024-07-06 10:59:07,1179.988591513667,FCI TALLAHASSEE,60.0,60.0,0.0,4.666666666666667,0,1,1,0,0.102
2024-07-07 10:59:07,1163.6818977036662,FCI TALLAHASSEE,60.0,60.0,0.0,4.666666666666667,0,1,1,0,0.077
2024-07-08 10:59:07,1175.2526728550527,FCI TALLAHASSEE,60.0,60.0,0.0,4.666666666666667,0,1,1,0,0.109
2024-07-09 10:59:07,1170.9109293008564,FCI TALLAHASSEE,60.0,60.0,0.0,4.666666666666667,0,1,1,0,0.08
2024-07-10 10:59:07,1167.6874327540897,FCI TALLAHASSEE,60.0,60.0,0.0,4.666666666666667,0,1,1,0,0.077
2024-07-11 10:59:07,1170.870715853582,FCI TALLAHASSEE,60.0,60.0,0.0,4.666666666666667,0,1,1,0,0.08
2024-07-05 10:59:23,1006.3266094691639,FCI TERMINAL ISLAND,77.3,68.7,0.0,0.0,1,0,0,0,0.011
2024-07-06 10:59:23,1010.5754372557589,FCI TERMINAL ISLAND,60.0,60.0,0.0,0.0,1,0,0,0,0.009
2024-07-07 10:59:23,1008.6254191278158,FCI TERMINAL ISLAND,60.0,60.0,0.0,0.0,1,0,0,0,0.008
2024-07-08 10:59:23,1009.6667685890862,FCI TERMINAL ISLAND,60.0,60.0,0.0,0.0,1,0,0,0,0.008
2024-07-09 10:59:23,1010.3436879671475,FCI TERMINAL ISLAND,60.0,60.0,0.0,0.0,1,0,0,0,0.009
2024-07-10 10:59:23,1008.0142588926414,FCI TERMINAL ISLAND,60.0,60.0,0.0,0.0,1,0,0,0,0.008
2024-07-11 10:59:23,1009.4942622711968,FCI TERMINAL ISLAND,60.0,60.0,0.0,0.0,1,0,0,0,0.008
2024-07-05 10:59:40,1241.721436518787,FCI TERRE HAUTE,79.7,66.3,2.68,4.666666666666667,1,0,0,1,0.115
2024-07-06 10:59:40,1237.3844750661203,FCI TERRE HAUTE,60.0,60.0,0.0,4.666666666666667,1,0,0,1,0.052
2024-07-07 10:59:40,1240.002018884769,FCI TERRE HAUTE,60.0,60.0,0.0,4.666666666666667,1,0,0,1,0.053
2024-07-08 10:59:40,1241.401964414312,FCI TERRE HAUTE,60.0,60.0,0.0,4.666666666666667,1,0,0,1,0.076
2024-07-09 10:59:40,1238.5231563384925,FCI TERRE HAUTE,60.0,60.0,0.0,4.666666666666667,1,0,0,1,0.053
2024-07-10 10:59:40,1233.0953470283891,FCI TERRE HAUTE,60.0,60.0,0.0,4.666666666666667,1,0,0,1,0.051
2024-07-11 10:59:40,1234.355311234368,FCI TERRE HAUTE,60.0,60.0,0.0,4.666666666666667,1,0,0,1,0.051
2024-07-05 10:59:58,1305.745881825313,USP TERRE HAUTE,79.7,66.3,2.68,2.0,1,0,0,1,0.093
2024-07-06 10:59:58,1310.3897097031177,USP TERRE HAUTE,60.0,60.0,0.0,2.0,1,0,0,1,0.014
2024-07-07 10:59:58,1305.1187380583847,USP TERRE HAUTE,60.0,60.0,0.0,2.0,1,0,0,1,0.016
2024-07-08 10:59:58,1309.8023025663501,USP TERRE HAUTE,60.0,60.0,0.0,2.0,1,0,0,1,0.014
2024-07-09 10:59:58,1313.1861044361433,USP TERRE HAUTE,60.0,60.0,0.0,2.0,1,0,0,1,0.014
2024-07-10 10:59:58,1315.4855279060762,USP TERRE HAUTE,60.0,60.0,0.0,2.0,1,0,0,1,0.013
2024-07-11 10:59:58,1318.5616741984584,USP TERRE HAUTE,60.0,60.0,0.0,2.0,1,0,0,1,0.013
2024-07-05 11:00:14,1322.8583514755248,FCI TEXARKANA,94.8,70.2,3.28,0.0,1,0,1,0,0.003
2024-07-06 11:00:14,1325.5154037228972,FCI TEXARKANA,60.0,60.0,0.0,0.0,1,0,1,0,0.005
2024-07-07 11:00:14,1324.2294732340813,FCI TEXARKANA,60.0,60.0,0.0,0.0,1,0,1,0,0.005
2024-07-08 11:00:14,1324.4864916953788,FCI TEXARKANA,60.0,60.0,0.0,0.0,1,0,1,0,0.005
2024-07-09 11:00:14,1324.445953220334,FCI TEXARKANA,60.0,60.0,0.0,0.0,1,0,1,0,0.005
2024-07-10 11:00:14,1325.3246052553443,FCI TEXARKANA,60.0,60.0,0.0,0.0,1,0,1,0,0.005
2024-07-11 11:00:14,1322.5935377661117,FCI TEXARKANA,60.0,60.0,0.0,0.0,1,0,1,0,0.005
2024-07-05 11:00:34,1853.4959669678767,FCI THOMSON,69.5,62.0,6.46,23.076923076923077,1,0,0,0,0.4365
2024-07-06 11:00:34,1850.5271838617275,FCI THOMSON,60.0,60.0,0.0,23.076923076923077,1,0,0,0,0.504
2024-07-07 11:00:34,1855.1109368549025,FCI THOMSON,60.0,60.0,0.0,23.076923076923077,1,0,0,0,0.504
2024-07-08 11:00:34,1851.4861250923288,FCI THOMSON,60.0,60.0,0.0,23.076923076923077,1,0,0,0,0.504
2024-07-09 11:00:34,1855.1509816270936,FCI THOMSON,60.0,60.0,0.0,23.076923076923077,1,0,0,0,0.504
2024-07-10 11:00:34,1847.8013911612175,FCI THOMSON,60.0,60.0,0.0,23.076923076923077,1,0,0,0,0.519
2024-07-11 11:00:34,1853.4317063934714,FCI THOMSON,60.0,60.0,0.0,23.076923076923077,1,0,0,0,0.504
2024-07-05 11:00:50,1299.4434311853047,FCI THREE RIVERS,99.2,76.5,0.0,38.92617449664429,1,0,1,0,0.055
2024-07-06 11:00:50,1299.145398145713,FCI THREE RIVERS,60.0,60.0,0.0,38.92617449664429,1,0,1,0,0.262
2024-07-07 11:00:50,1307.5995544068574,FCI THREE RIVERS,60.0,60.0,0.0,38.92617449664429,1,0,1,0,0.265
2024-07-08 11:00:50,1303.5699103767904,FCI THREE RIVERS,60.0,60.0,0.0,38.92617449664429,1,0,1,0,0.26
2024-07-09 11:00:50,1301.335401303519,FCI THREE RIVERS,60.0,60.0,0.0,38.92617449664429,1,0,1,0,0.259
2024-07-10 11:00:50,1301.6277380733939,FCI THREE RIVERS,60.0,60.0,0.0,38.92617449664429,1,0,1,0,0.263
2024-07-11 11:00:50,1303.6842992004845,FCI THREE RIVERS,60.0,60.0,0.0,38.92617449664429,1,0,1,0,0.261
2024-07-05 11:01:08,463.0056541120429,FCI TUCSON,106.0,81.9,0.0,30.666666666666664,0,1,1,0,0.146
2024-07-06 11:01:08,472.3013664050029,FCI TUCSON,60.0,60.0,0.0,30.666666666666664,0,1,1,0,0.384
2024-07-07 11:01:08,462.82617736014834,FCI TUCSON,60.0,60.0,0.0,30.666666666666664,0,1,1,0,0.384
2024-07-08 11:01:08,468.45636750487785,FCI TUCSON,60.0,60.0,0.0,30.666666666666664,0,1,1,0,0.384
2024-07-09 11:01:08,470.14883985631576,FCI TUCSON,60.0,60.0,0.0,30.666666666666664,0,1,1,0,0.384
2024-07-10 11:01:08,468.38967597778736,FCI TUCSON,60.0,60.0,0.0,30.666666666666664,0,1,1,0,0.384
2024-07-11 11:01:08,468.4507495021227,FCI TUCSON,60.0,60.0,0.0,30.666666666666664,0,1,1,0,0.384
2024-07-05 11:01:24,1199.3916635452981,USP TUCSON,106.0,81.9,0.0,26.174496644295303,1,0,1,0,0.15
2024-07-06 11:01:24,1193.801991269504,USP TUCSON,60.0,60.0,0.0,26.174496644295303,1,0,1,0,0.325
2024-07-07 11:01:24,1196.262094370811,USP TUCSON,60.0,60.0,0.0,26.174496644295303,1,0,1,0,0.321
2024-07-08 11:01:24,1194.1892788843238,USP TUCSON,60.0,60.0,0.0,26.174496644295303,1,0,1,0,0.325
2024-07-09 11:01:24,1193.9948387077661,USP TUCSON,60.0,60.0,0.0,26.174496644295303,1,0,1,0,0.325
2024-07-10 11:01:24,1189.8878404318486,USP TUCSON,60.0,60.0,0.0,26.174496644295303,1,0,1,0,0.337
2024-07-11 11:01:24,1189.355066364687,USP TUCSON,60.0,60.0,0.0,26.174496644295303,1,0,1,0,0.338
2024-07-05 11:01:42,1711.995959704379,FCI VICTORVILLE MEDIUM I,107.4,76.6,0.0,18.666666666666668,0,1,0,0,0.126
2024-07-06 11:01:42,1708.1201120513167,FCI VICTORVILLE MEDIUM I,60.0,60.0,0.0,18.666666666666668,0,1,0,0,0.269
2024-07-07 11:01:42,1711.1822137821582,FCI VICTORVILLE MEDIUM I,60.0,60.0,0.0,18.666666666666668,0,1,0,0,0.27
2024-07-08 11:01:42,1711.5898278698276,FCI VICTORVILLE MEDIUM I,60.0,60.0,0.0,18.666666666666668,0,1,0,0,0.27
2024-07-09 11:01:42,1712.3963963452288,FCI VICTORVILLE MEDIUM I,60.0,60.0,0.0,18.666666666666668,0,1,0,0,0.266
2024-07-10 11:01:42,1710.1786463946432,FCI VICTORVILLE MEDIUM I,60.0,60.0,0.0,18.666666666666668,0,1,0,0,0.27
2024-07-11 11:01:42,1709.4867849601726,FCI VICTORVILLE MEDIUM I,60.0,60.0,0.0,18.666666666666668,0,1,0,0,0.271
2024-07-05 11:01:58,1560.4324531612883,FCI VICTORVILLE MEDIUM II,107.4,76.6,0.0,6.0402684563758395,1,0,0,0,0.083
2024-07-06 11:01:58,1549.702647860439,FCI VICTORVILLE MEDIUM II,60.0,60.0,0.0,6.0402684563758395,1,0,0,0,0.181
2024-07-07 11:01:58,1562.3225541442405,FCI VICTORVILLE MEDIUM II,60.0,60.0,0.0,6.0402684563758395,1,0,0,0,0.189
2024-07-08 11:01:58,1555.7053825606517,FCI VICTORVILLE MEDIUM II,60.0,60.0,0.0,6.0402684563758395,1,0,0,0,0.182
2024-07-09 11:01:58,1555.494094760867,FCI VICTORVILLE MEDIUM II,60.0,60.0,0.0,6.0402684563758395,1,0,0,0,0.182
2024-07-10 11:01:58,1568.527794468994,FCI VICTORVILLE MEDIUM II,60.0,60.0,0.0,6.0402684563758395,1,0,0,0,0.179
2024-07-11 11:01:58,1563.0750601934574,FCI VICTORVILLE MEDIUM II,60.0,60.0,0.0,6.0402684563758395,1,0,0,0,0.189
2024-07-05 11:02:16,1204.5439546173434,USP VICTORVILLE,107.4,76.6,0.0,38.92617449664429,1,0,0,0,0.234
2024-07-06 11:02:16,1211.2035926024587,USP VICTORVILLE,60.0,60.0,0.0,38.92617449664429,1,0,0,0,0.306
2024-07-07 11:02:16,1216.06598011514,USP VICTORVILLE,60.0,60.0,0.0,38.92617449664429,1,0,0,0,0.303
2024-07-08 11:02:16,1210.723549006506,USP VICTORVILLE,60.0,60.0,0.0,38.92617449664429,1,0,0,0,0.306
2024-07-09 11:02:16,1213.1513383519014,USP VICTORVILLE,60.0,60.0,0.0,38.92617449664429,1,0,0,0,0.304
2024-07-10 11:02:16,1201.8022370907402,USP VICTORVILLE,60.0,60.0,0.0,38.92617449664429,1,0,0,0,0.339
2024-07-11 11:02:16,1207.234511599245,USP VICTORVILLE,60.0,60.0,0.0,38.92617449664429,1,0,0,0,0.309
2024-07-05 11:02:32,908.588942277285,FCI WASECA,71.3,59.0,4.08,0.0,0,0,0,0,0.002
2024-07-06 11:02:32,909.7884108118458,FCI WASECA,60.0,60.0,0.0,0.0,0,0,0,0,0.003
2024-07-07 11:02:32,911.5486510832642,FCI WASECA,60.0,60.0,0.0,0.0,0,0,0,0,0.001
2024-07-08 11:02:32,912.3585466883063,FCI WASECA,60.0,60.0,0.0,0.0,0,0,0,0,0.001
2024-07-09 11:02:32,912.8587215742338,FCI WASECA,60.0,60.0,0.0,0.0,0,0,0,0,0.001
2024-07-10 11:02:32,913.7675817534493,FCI WASECA,60.0,60.0,0.0,0.0,0,0,0,0,0.001
2024-07-11 11:02:32,912.7276596754518,FCI WASECA,60.0,60.0,0.0,0.0,0,0,0,0,0.001
2024-07-05 11:02:50,1423.143221831149,FCI WILLIAMSBURG,99.2,73.0,0.01,0.0,1,0,0,1,0.005
2024-07-06 11:02:50,1425.7558513036968,FCI WILLIAMSBURG,60.0,60.0,0.0,0.0,1,0,0,1,0.006
2024-07-07 11:02:50,1424.0204228667355,FCI WILLIAMSBURG,60.0,60.0,0.0,0.0,1,0,0,1,0.007
2024-07-08 11:02:50,1425.2199474261781,FCI WILLIAMSBURG,60.0,60.0,0.0,0.0,1,0,0,1,0.006
2024-07-09 11:02:50,1424.9081951677488,FCI WILLIAMSBURG,60.0,60.0,0.0,0.0,1,0,0,1,0.006
2024-07-10 11:02:50,1424.6669983369375,FCI WILLIAMSBURG,60.0,60.0,0.0,0.0,1,0,0,1,0.006
2024-07-11 11:02:50,1422.603456231173,FCI WILLIAMSBURG,60.0,60.0,0.0,0.0,1,0,0,1,0.007
2024-07-05 11:03:05,474.1564030426757,FPC YANKTON,75.8,56.8,3.71,0.0,1,0,0,1,0.0
2024-07-06 11:03:05,476.3036638127531,FPC YANKTON,60.0,60.0,0.0,0.0,1,0,0,1,0.0
2024-07-07 11:03:05,472.0026321003579,FPC YANKTON,60.0,60.0,0.0,0.0,1,0,0,1,0.0
2024-07-08 11:03:05,474.1277319200632,FPC YANKTON,60.0,60.0,0.0,0.0,1,0,0,1,0.0
2024-07-09 11:03:05,474.3942441435705,FPC YANKTON,60.0,60.0,0.0,0.0,1,0,0,1,0.0
2024-07-10 11:03:05,473.47154386784047,FPC YANKTON,60.0,60.0,0.0,0.0,1,0,0,1,0.0
2024-07-11 11:03:05,471.82928221299,FPC YANKTON,60.0,60.0,0.0,0.0,1,0,0,1,0.0
2024-07-05 11:03:23,1339.2109281759076,FCI YAZOO CITY LOW II,92.0,73.5,9.42,0.0,1,0,0,1,0.025
2024-07-06 11:03:23,1340.0091067577666,FCI YAZOO CITY LOW II,60.0,60.0,0.0,0.0,1,0,0,1,0.021
2024-07-07 11:03:23,1342.3066187922302,FCI YAZOO CITY LOW II,60.0,60.0,0.0,0.0,1,0,0,1,0.018
2024-07-08 11:03:23,1340.1183692701359,FCI YAZOO CITY LOW II,60.0,60.0,0.0,0.0,1,0,0,1,0.021
2024-07-09 11:03:23,1342.3038183826154,FCI YAZOO CITY LOW II,60.0,60.0,0.0,0.0,1,0,0,1,0.018
2024-07-10 11:03:23,1342.037523133137,FCI YAZOO CITY LOW II,60.0,60.0,0.0,0.0,1,0,0,1,0.018
2024-07-11 11:03:23,1344.0599172889317,FCI YAZOO CITY LOW II,60.0,60.0,0.0,0.0,1,0,0,1,0.018
2024-07-05 11:03:39,1336.5189494841773,FCI YAZOO CITY LOW,92.0,73.5,9.42,0.0,1,0,0,1,0.033
2024-07-06 11:03:39,1335.0201711037948,FCI YAZOO CITY LOW,60.0,60.0,0.0,0.0,1,0,0,1,0.032
2024-07-07 11:03:39,1337.8694682569833,FCI YAZOO CITY LOW,60.0,60.0,0.0,0.0,1,0,0,1,0.032
2024-07-08 11:03:39,1336.0320454521402,FCI YAZOO CITY LOW,60.0,60.0,0.0,0.0,1,0,0,1,0.032
2024-07-09 11:03:39,1337.2874259826046,FCI YAZOO CITY LOW,60.0,60.0,0.0,0.0,1,0,0,1,0.032
2024-07-10 11:03:39,1338.3513336781182,FCI YAZOO CITY LOW,60.0,60.0,0.0,0.0,1,0,0,1,0.025
2024-07-11 11:03:39,1337.2465312895656,FCI YAZOO CITY LOW,60.0,60.0,0.0,0.0,1,0,0,1,0.032
2024-07-05 11:03:57,1495.7686333860959,FCI YAZOO CITY MEDIUM,92.0,73.5,9.42,13.422818791946309,1,0,0,1,0.04
2024-07-06 11:03:57,1496.1243126692723,FCI YAZOO CITY MEDIUM,60.0,60.0,0.0,13.422818791946309,1,0,0,1,0.134
2024-07-07 11:03:57,1501.3499358187169,FCI YAZOO CITY MEDIUM,60.0,60.0,0.0,13.422818791946309,1,0,0,1,0.134
2024-07-08 11:03:57,1500.3237680531174,FCI YAZOO CITY MEDIUM,60.0,60.0,0.0,13.422818791946309,1,0,0,1,0.134
2024-07-09 11:03:57,1504.1412873835723,FCI YAZOO CITY MEDIUM,60.0,60.0,0.0,13.422818791946309,1,0,0,1,0.134
2024-07-10 11:03:57,1496.7164690115637,FCI YAZOO CITY MEDIUM,60.0,60.0,0.0,13.422818791946309,1,0,0,1,0.134
2024-07-11 11:03:57,1497.6929037957836,FCI YAZOO CITY MEDIUM,60.0,60.0,0.0,13.422818791946309,1,0,0,1,0.134
